r2q1rk1/p2nbppp/bpp1pn2/3p4/2PP4/1PNQ1NP1/P3PPBP/R1BR2K1 b - - 2 10,0.06,0.0,0.11,0.04,-0.13,0.0,0.07,0.0,a8c8,-0.02,0.0,0.16,0.04,-0.13,0.0,0.07,0.0,c6c5,0.09,0.0,0.25,0.04,-0.1,0.0,-0.09,0.0
2rq1rk1/p2nbppp/bpp1pn2/3p4/2PPP3/1PNQ1NP1/P4PBP/R1BR2K1 b - - 0 11,0.1,0.0,0.25,-0.04,0.11,0.0,0.34,0.0,c6c5,0.12,0.0,0.36,-0.04,0.14,0.0,0.26,0.0,d5c4,-0.38,-0.28,0.38,0.0,-0.6,-0.2,0.15,0.0
2rq1rk1/p2nbppp/bp2pn2/2pP4/2PP4/1PNQ1NP1/P4PBP/R1BR2K1 b - - 0 12,0.63,0.28,0.52,0.12,0.03,0.32,0.4,0.0,e6d5,0.08,0.0,0.47,0.08,-0.01,0.0,0.0,0.0,e6d5,0.08,0.0,0.47,0.08,-0.01,0.0,0.0,0.0
2rq1rk1/p2nbppp/bp3n2/2Pp4/2P5/1PNQ1NP1/P4PBP/R1BR2K1 b - - 0 13,0.56,0.26,0.5,0.04,-0.52,0.23,0.12,0.0,d5c4,0.08,0.0,0.5,0.08,-0.49,0.0,-0.04,0.0,d5c4,0.08,0.0,0.5,0.08,-0.49,0.0,-0.04,0.0
2rq1rk1/p2nbppp/bp3n2/2P5/2P5/2NQ1NP1/P4PBP/R1BR2K1 b - - 0 14,0.73,0.24,0.54,0.08,0.28,0.2,0.16,0.0,e7c5,0.08,0.0,0.33,-0.08,0.7,0.0,0.06,0.0,e7c5,0.08,0.0,0.33,-0.08,0.7,0.0,0.06,0.0
2rq1rk1/p2n1ppp/bp3n2/1Nb5/2P5/3Q1NP1/P4PBP/R1BR2K1 b - - 1 15,0.12,0.0,0.38,-0.11,0.85,0.0,0.06,0.0,f6g4,0.08,0.0,0.36,-1.53,1.36,0.0,0.06,0.0,f8e8,0.07,0.0,0.27,-0.47,0.81,0.0,0.06,0.0
2rq1rk1/p2n1ppp/bp6/1Nb5/2P3n1/3Q1NP1/P2R1PBP/R1B3K1 b - - 3 16,0.13,0.0,0.24,-0.51,1.1,0.0,0.06,0.0,d8f6,0.09,0.0,0.11,-0.91,1.06,0.0,0.03,0.0,g4f2,-0.52,-0.22,0.18,-1.08,1.25,0.0,0.01,0.0
2r2rk1/p2n1ppp/bp3q2/1Nb5/2P3n1/3Q1NP1/PB1R1PBP/R5K1 b - - 5 17,0.17,0.0,0.3,-0.64,2.0,0.0,0.03,0.0,g4f2,-0.49,-0.22,0.21,-1.36,2.0,0.0,-0.01,0.0,g4f2,-0.49,-0.22,0.21,-1.36,2.0,0.0,-0.01,0.0
2r2rk1/p2n1ppp/bp3q2/1Nb5/2P5/5NP1/PBQR1nBP/R5K1 b - - 1 18,-0.48,-0.22,0.19,-1.37,2.0,0.0,-0.01,0.0,f2d3,,,,,,,,,f2d3,,,,,,,,
2r2rk1/p2n1ppp/bp3q2/1Nb5/2P5/3n1NP1/PBQR2BP/R6K b - - 3 19,-0.99,-0.22,0.01,-1.0,1.1,0.0,-0.01,0.0,d3b2,-2.0,-0.84,0.0,-0.56,1.58,0.0,-0.07,0.0,d3b2,-2.0,-0.84,0.0,-0.56,1.58,0.0,-0.07,0.0
2r2rk1/p2n1ppp/bp3q2/1Nb5/2P5/5NP1/PQ1R2BP/R6K b - - 0 20,-1.0,-0.37,0.02,-0.64,0.77,0.0,-0.01,0.0,a6b5,-2.0,-0.75,-0.27,-0.65,-0.1,0.0,-0.07,0.0,c5b4,-1.01,-0.37,0.04,-0.56,0.56,0.0,-0.01,0.0
2r2rk1/p2n1ppp/1p3q2/1Pb5/8/5NP1/PQ1R2BP/R6K b - - 0 21,-0.91,-0.12,0.02,-0.64,0.25,0.0,-0.01,0.0,f8d8,-0.95,-0.12,-0.03,-0.64,-0.08,0.0,-0.01,0.0,f6b2,-2.0,-0.49,0.0,0.0,0.0,0.0,0.0,0.0
2rr2k1/p2n1ppp/1p3q2/1Pb5/8/5NP1/PQ1R2BP/3R3K b - - 2 22,-0.83,-0.12,0.14,-0.64,0.61,0.0,-0.01,0.0,f6b2,-2.0,-0.49,0.0,0.0,0.0,0.0,0.0,0.0,f6b2,-2.0,-0.49,0.0,0.0,0.0,0.0,0.0,0.0
2rr2k1/p2n1ppp/1p6/1Pb5/8/5NP1/PR4BP/3R3K b - - 0 23,-0.88,-0.14,0.1,-0.52,0.28,0.0,0.0,0.0,d7f6,-0.98,-0.14,-0.12,-0.65,-0.33,0.0,0.0,0.0,d7f6,-0.98,-0.14,-0.12,-0.65,-0.33,0.0,0.0,0.0
2rR2k1/p4ppp/1p3n2/1Pb5/8/5NP1/PR4BP/7K b - - 0 24,,,,,,,,,c8d8,-1.02,-0.16,-0.25,-0.67,0.03,0.0,0.0,0.0,c8d8,-1.02,-0.16,-0.25,-0.67,0.03,0.0,0.0,0.0
3r2k1/p4ppp/1p3n2/1Pb5/8/5NP1/P2R2BP/7K b - - 1 25,-0.93,-0.16,-0.1,-0.6,0.26,0.0,0.0,0.0,d8e8,-0.93,-0.16,-0.16,-0.6,0.07,0.0,0.0,0.0,d8e8,-0.93,-0.16,-0.16,-0.6,0.07,0.0,0.0,0.0
4r1k1/p4ppp/1p3n2/1Pb5/8/5NP1/P2R3P/5B1K b - - 3 26,-1.01,-0.16,-0.04,-0.6,0.1,0.0,0.0,0.0,g7g5,-1.0,-0.16,-0.08,-0.23,0.23,0.0,0.0,0.0,g8f8,-0.74,-0.16,0.01,-0.34,0.1,0.0,0.0,0.0
4r1k1/p4p1p/1p3n2/1Pb3p1/8/5NP1/P3R2P/5B1K b - - 1 27,-1.0,-0.16,-0.19,-0.04,0.06,0.0,0.0,0.0,e8e2,-2.0,-0.2,0.0,0.0,0.0,0.0,0.0,0.0,c5e3,-0.93,-0.16,-0.2,-0.31,0.06,0.0,0.0,0.0
6k1/p4p1p/1p3n2/1Pb3p1/8/5NP1/P3B2P/7K b - - 0 28,-0.99,-0.17,-0.08,-0.23,0.16,0.0,0.0,0.0,f6e4,-1.21,-0.17,-0.11,-0.42,-0.14,0.0,0.0,0.0,f6e4,-1.21,-0.17,-0.11,-0.42,-0.14,0.0,0.0,0.0
6k1/p4p1p/1p6/1Pb3p1/4n3/5NP1/P3B1KP/8 b - - 2 29,-1.05,-0.17,-0.11,-0.31,-0.17,0.0,0.0,0.0,f7f6,-1.07,-0.17,-0.16,-0.1,-0.26,0.0,0.0,0.0,f7f6,-1.07,-0.17,-0.16,-0.1,-0.26,0.0,0.0,0.0
r1bqk2r/pp3pbp/2n1p1p1/1B1n4/3P4/1QN2N2/PP3PPP/R1B1K2R w KQkq - 2 10,-0.14,0.0,0.58,0.38,0.33,0.0,0.11,0.0,e1g1,0.56,0.0,0.58,0.42,0.33,0.0,0.11,0.0,c1g5,0.03,0.0,0.67,0.88,0.09,0.0,0.14,0.0
r1bq1rk1/pp3pbp/2n1p1p1/1B1n4/3P4/1QN2N2/PP3PPP/R1B2RK1 w - - 4 11,-0.14,0.0,0.22,0.23,0.11,0.0,0.11,0.0,b5c6,2.0,0.57,0.34,0.31,-0.84,0.0,0.16,0.0,b5c6,2.0,0.57,0.34,0.31,-0.84,0.0,0.16,0.0
r1bq1rk1/p4pbp/2p1p1p1/3n4/3P4/1QN2N2/PP3PPP/R1B2RK1 w - - 0 12,-0.5,-0.13,-0.2,0.27,0.33,0.0,0.11,0.0,f1e1,-0.46,-0.13,-0.06,0.35,0.3,0.0,0.11,0.0,c3e4,-0.3,-0.13,-0.05,0.37,0.03,0.0,0.11,0.0
r1b2rk1/p1q2pbp/2p1p1p1/3n4/3P4/1QN2N2/PP3PPP/R1B1R1K1 w - - 2 13,-0.48,-0.13,-0.01,0.27,-0.35,0.0,0.11,0.0,c3e4,-0.27,-0.13,0.09,0.36,-0.61,0.0,0.11,0.0,c3d5,2.0,0.48,0.19,0.75,-0.61,0.0,0.23,0.0
r1b2rk1/p1q2pbp/4p1p1/2pn4/3PN3/1Q3N2/PP3PPP/R1B1R1K1 w - - 0 14,-0.25,-0.13,0.09,0.36,-0.52,0.0,0.03,0.0,d4c5,0.23,0.03,0.14,0.32,-0.52,0.2,0.15,0.0,e4c5,0.36,0.03,0.1,0.31,-0.24,0.0,0.14,0.0
1rb2rk1/p1q2pbp/4p1p1/2Pn4/4N3/1Q3N2/PP3PPP/R1B1R1K1 w - - 1 15,0.17,0.03,0.05,0.31,-1.13,0.2,0.15,0.0,b3c4,0.19,0.03,0.05,0.35,-0.49,0.37,0.15,0.0,b3d1,0.16,0.03,-0.03,0.29,-0.2,0.2,0.15,0.0
2b2rk1/p1q2pbp/4p1p1/2Pn4/1rQ1N3/5N2/PP3PPP/R1B1R1K1 w - - 3 16,0.16,0.03,-0.03,0.3,-0.84,0.37,0.12,0.0,c4c2,0.16,0.03,-0.04,0.29,-0.34,0.37,0.12,0.0,c4c2,0.16,0.03,-0.04,0.29,-0.34,0.37,0.12,0.0
2br2k1/p1q2pbp/4p1p1/2Pn4/1r2N3/5N2/PPQ2PPP/R1B1R1K1 w - - 5 17,0.12,0.03,-0.08,0.29,-0.34,0.37,0.12,0.0,a2a3,0.06,0.03,-0.05,0.29,0.34,0.37,0.12,0.0,a2a3,0.06,0.03,-0.05,0.29,0.34,0.37,0.12,0.0
1rbr2k1/p1q2pbp/4p1p1/2Pn4/4N3/P4N2/1PQ2PPP/R1B1R1K1 w - - 1 18,0.08,0.03,0.04,0.35,-0.52,0.37,0.15,0.0,a1b1,0.13,0.03,0.03,0.35,-0.52,0.37,0.15,0.0,c1g5,0.26,0.03,0.29,0.53,-0.29,0.37,0.17,0.0
1rbr2k1/p1q3bp/4p1p1/2Pn1p2/4N3/P4N2/1PQ2PPP/1RB1R1K1 w - - 0 19,0.14,0.03,-0.03,0.61,-1.12,0.37,0.1,0.0,e4g5,-0.03,0.03,-0.08,0.78,-0.49,0.37,0.1,0.0,e4g3,-0.17,0.03,-0.08,0.66,-0.68,0.37,0.07,0.0
1rbr2k1/p1q3bp/6p1/2PnppN1/8/P4N2/1PQ2PPP/1RB1R1K1 w - - 0 20,-0.07,0.03,-0.29,0.77,-0.36,0.37,0.03,0.0,c2c4,-0.06,0.03,0.04,1.11,-0.32,0.37,0.06,0.0,c2c4,-0.06,0.03,0.04,1.11,-0.32,0.37,0.06,0.0
1rbr2k1/p1q3b1/6pp/2PnppN1/2Q5/P4N2/1P3PPP/1RB1R1K1 w - - 0 21,0.02,0.03,-0.01,1.01,-0.95,0.37,0.06,0.0,g5h3,-0.34,0.03,-0.29,0.66,-0.13,0.37,0.01,0.0,b2b4,-0.11,0.03,0.21,1.07,-0.85,0.37,0.09,0.0
1r1r2k1/p1q3b1/4b1pp/2Pnpp2/2Q5/P4N1N/1P3PPP/1RB1R1K1 w - - 2 22,-0.46,0.03,-0.79,0.59,-0.42,0.37,-0.01,0.0,c4c2,-0.46,0.03,-0.8,0.55,-0.17,0.37,-0.01,0.0,c1h6,0.0,0.18,-0.53,0.91,-0.86,0.37,0.05,0.0
1r1r2k1/p1q3b1/4b1pp/2Pn1p2/4p3/P4N1N/1PQ2PPP/1RB1R1K1 w - - 0 23,-0.32,0.03,-0.81,0.36,-0.91,0.37,-0.04,0.0,f3d2,-0.42,0.03,-1.19,0.03,-0.43,0.37,-0.06,0.0,b2b4,-0.45,0.03,-0.7,0.36,-0.38,0.37,-0.01,0.0
1r1r2k1/p1q5/4b1pp/2Pn1p2/3bp3/P6N/1PQN1PPP/1RB1R1K1 w - - 2 24,-0.53,0.03,-1.22,-0.75,-0.45,0.37,-0.06,0.0,d2e4,0.43,0.18,-0.78,-0.1,-0.54,0.37,0.15,0.0,b2b4,-0.66,0.03,-0.94,-0.64,0.1,0.37,-0.04,0.0
1r1r2k1/p1q5/4b1pp/2Pn4/3bp3/P6N/1PQ2PPP/1RB1R1K1 w - - 0 25,-2.0,-0.33,-0.83,-0.99,0.34,0.37,-0.0,0.0,c2e4,-2.0,-0.19,-0.78,2.0,0.6,0.2,0.15,0.0,c2e4,-2.0,-0.19,-0.78,2.0,0.6,0.2,0.15,0.0
1r1r2k1/p1q5/6pp/2Pn4/3bQ3/P6b/1P3PPP/1RB1R1K1 w - - 0 26,-2.0,-0.73,-0.47,1.18,1.75,0.2,0.09,0.0,e4d4,-2.0,-0.17,-0.17,1.1,1.78,0.2,0.13,0.0,e4d4,-2.0,-0.17,-0.17,1.1,1.78,0.2,0.13,0.0
1r1r2k1/p1q5/6pp/2Pn1b2/3Q4/P7/1P3PPP/1RB1R1K1 w - - 1 27,-2.0,-0.17,-0.21,1.31,0.18,0.2,0.12,0.0,b1a1,-2.0,-0.17,-0.21,1.31,0.94,0.2,0.12,0.0,b1a1,-2.0,-0.17,-0.21,1.31,0.94,0.2,0.12,0.0
1r1r2k1/p5q1/6pp/2Pn1b2/3Q4/P7/1P3PPP/R1B1R1K1 w - - 3 28,-2.0,-0.17,-0.24,1.34,0.16,0.5,0.12,0.0,d4g7,,,,,,,,,d4g7,,,,,,,,
1r1r4/p5k1/6pp/2Pn1b2/8/P7/1P3PPP/R1B1R1K1 w - - 0 29,-2.0,-0.06,-0.33,0.61,0.08,0.5,0.0,0.0,b2b4,-2.0,-0.06,-0.27,0.61,0.06,0.5,0.0,0.0,b2b4,-2.0,-0.06,-0.27,0.61,0.06,0.5,0.0,0.0
r3kb1r/1p3ppp/1pn1pn2/3p1b2/2pP1B1N/P1P1P3/1P1N1PPP/R3KB1R b KQkq - 1 10,-0.15,0.0,-0.68,-0.04,0.34,0.0,0.0,0.0,f5g6,-0.13,0.0,-0.68,-0.08,0.3,0.0,0.0,0.0,f5c2,-0.06,0.0,-0.72,-0.08,-0.03,0.0,0.0,0.0
r3kb1r/1p3ppp/1pn1pnN1/3p4/2pP1B2/P1P1P3/1P1N1PPP/R3KB1R b KQkq - 0 11,2.0,0.9,-0.07,0.12,-0.13,0.0,0.0,0.0,h7g6,0.3,0.18,-0.35,0.36,0.03,0.0,0.0,0.0,h7g6,0.3,0.18,-0.35,0.36,0.03,0.0,0.0,0.0
r3kb1r/1p3pp1/1pn1pnp1/3p4/2pP1B2/P1P1P2P/1P1N1PP1/R3KB1R b KQkq - 0 12,0.22,0.18,-0.23,0.39,0.03,0.0,0.0,0.0,b6b5,0.25,0.18,-0.23,0.39,0.03,0.0,0.0,0.0,b6b5,0.25,0.18,-0.23,0.39,0.03,0.0,0.0,0.0
r3kb1r/1p3pp1/2n1pnp1/1p1p4/2pP1B2/P1P1P2P/1P1N1PP1/2R1KB1R b Kkq - 1 13,0.34,0.18,-0.23,0.39,0.0,0.0,0.0,0.0,f6d7,0.44,0.18,-0.18,0.39,-0.07,0.0,0.0,0.0,c6e7,0.44,0.18,-0.02,0.5,-0.07,0.0,0.0,0.0
r3kb1r/1p1n1pp1/2n1p1p1/1p1p4/2pP1B2/P1P1P2P/1P1NBPP1/2R1K2R b Kkq - 3 14,0.5,0.18,0.1,0.39,-0.1,0.0,0.0,0.0,d7b6,0.5,0.18,0.1,0.43,-0.07,0.0,0.0,0.0,f8e7,0.44,0.18,-0.09,0.39,-0.33,0.0,0.0,0.0
r3kb1r/1p3pp1/1nn1p1p1/1p1p4/2pP1B2/P1P1P2P/1P1NBPP1/2R2RK1 b kq - 5 15,1.21,0.18,0.23,0.54,-0.07,0.0,0.0,0.0,b6a4,1.29,0.18,0.3,0.54,-0.39,0.0,0.0,0.0,f8e7,1.15,0.18,0.04,0.47,-0.3,0.0,0.0,0.0
r3kb1r/1p3pp1/2n1p1p1/1p1p4/n1pP1B2/P1P1P2P/1PRNBPP1/5RK1 b kq - 7 16,1.32,0.18,0.2,0.54,-0.06,0.0,0.0,0.0,e8d7,1.41,0.18,0.16,1.03,-0.09,0.0,0.0,0.0,a4b6,1.24,0.18,0.13,0.54,-0.07,0.0,0.0,0.0
r4b1r/1p1k1pp1/2n1p1p1/1p1p4/n1pPPB2/P1P4P/1PRNBPP1/5RK1 b - - 0 17,1.45,0.18,0.2,1.18,-0.09,0.0,0.0,0.0,f8e7,1.39,0.18,-0.14,1.11,-0.32,0.0,0.0,0.0,f8d6,1.33,0.18,-0.18,1.07,-0.12,0.0,0.0,0.0
r6r/1p1kbpp1/2n1p1p1/1p1p4/n1pPPB2/P1P2B1P/1PRN1PP1/5RK1 b - - 2 18,1.35,0.18,-0.19,1.11,-0.25,0.0,0.0,0.0,a4b6,1.26,0.18,-0.23,1.11,-0.26,0.0,0.0,0.0,a4b6,1.26,0.18,-0.23,1.11,-0.26,0.0,0.0,0.0
r6r/1p1kbpp1/1nn1p1p1/1p1p4/2pPPB2/P1P2B1P/1PRN1PP1/4R1K1 b - - 4 19,1.31,0.18,-0.13,1.11,-0.26,0.0,0.0,0.0,g6g5,1.31,0.18,-0.09,0.92,-1.11,0.0,0.0,0.0,a8e8,1.18,0.18,-0.1,1.11,-0.23,0.0,0.0,0.0
r6r/1p1kbpp1/1nn1p3/1p1p2p1/2pPP3/P1P2BBP/1PRN1PP1/4R1K1 b - - 1 20,1.29,0.18,-0.16,0.96,-0.03,0.0,0.0,0.0,a8e8,1.17,0.18,-0.12,0.96,0.0,0.0,0.0,0.0,f7f5,1.3,0.18,-0.21,0.82,-0.3,0.0,0.0,0.0
4r2r/1p1kbpp1/1nn1p3/1p1P2p1/2pP4/P1P2BBP/1PRN1PP1/4R1K1 b - - 0 21,1.68,0.47,-0.01,0.96,1.0,0.32,0.0,0.0,b6d5,0.75,0.23,-0.06,0.79,0.23,0.0,0.0,0.0,e6d5,1.13,0.23,-0.01,1.24,-0.04,0.0,0.0,0.0
4r2r/1p1kbpp1/2n1p3/1p1n2p1/2pP4/P1P2BBP/1PR2PP1/4RNK1 b - - 1 22,0.47,0.23,-0.05,0.75,0.3,0.0,0.0,0.0,f7f5,0.48,0.23,-0.17,0.62,0.12,0.0,0.0,0.0,d5f4,0.5,0.23,-0.45,0.64,0.56,0.0,0.0,0.0
4r2r/1p1kb1p1/2n1p3/1p1n1pp1/2pP4/P1P2BBP/1P2RPP1/4RNK1 b - - 1 23,0.55,0.23,-0.15,0.66,0.15,0.0,0.0,0.0,e7f6,0.59,0.23,-0.03,0.62,0.05,0.0,0.0,0.0,e7f6,0.59,0.23,-0.03,0.62,0.05,0.0,0.0,0.0
4r2r/1p1k2p1/2n1pb2/1p1n1pp1/2pP4/P1P2B1P/1P2RPPB/4RNK1 b - - 3 24,0.42,0.23,-0.03,0.62,0.31,0.0,0.0,0.0,h8h4,0.4,0.23,0.09,0.58,0.51,0.0,0.0,0.0,d5f4,0.44,0.23,-0.43,0.5,0.35,0.0,0.0,0.0
r1bqk2r/4bppp/p1np1B2/1p1Np3/4P3/N7/PPP2PPP/R2QKB1R b KQkq - 0 10,2.0,0.66,-0.06,-0.04,0.41,0.0,0.01,0.0,e7f6,-0.11,-0.09,-0.38,-0.49,0.07,0.0,-0.05,0.0,e7f6,-0.11,-0.09,-0.38,-0.49,0.07,0.0,-0.05,0.0
r1bqk2r/5ppp/p1np1b2/1p1Np3/4P3/N1P5/PP3PPP/R2QKB1R b KQkq - 0 11,-0.1,-0.09,-0.12,0.16,0.34,0.0,0.0,0.0,f6g5,-0.18,-0.09,-0.29,-0.06,0.07,0.0,-0.05,0.0,a8b8,-0.15,-0.09,-0.16,0.16,0.27,0.0,0.0,0.0
r1bqk2r/5ppp/p1np4/1p1Np1b1/4P3/2P5/PPN2PPP/R2QKB1R b KQkq - 2 12,-0.01,-0.09,-0.23,-0.1,0.03,0.0,-0.05,0.0,a8b8,-0.07,-0.09,-0.26,-0.1,0.0,0.0,-0.05,0.0,a8b8,-0.07,-0.09,-0.26,-0.1,0.0,0.0,-0.05,0.0
1rbqk2r/5ppp/p1np4/1p1Np1b1/4P3/2P5/PPN1BPPP/R2QK2R b KQk - 4 13,-0.01,-0.09,-0.21,-0.09,0.0,0.0,-0.05,0.0,e8g8,-0.71,-0.09,-0.32,-0.26,0.0,0.0,-0.05,0.0,e8g8,-0.71,-0.09,-0.32,-0.26,0.0,0.0,-0.05,0.0
1rbq1rk1/5ppp/p1np4/1p1Np1b1/4P3/2P5/PPN1BPPP/R2Q1RK1 b - - 6 14,-0.01,-0.09,-0.14,-0.11,-0.03,0.0,-0.05,0.0,c8e6,-0.13,-0.09,-0.22,-0.12,-0.26,0.0,-0.05,0.0,c6e7,0.09,-0.09,0.0,-0.05,-0.07,0.0,-0.05,0.0
1r1q1rk1/5ppp/p1npb3/1p1Np1b1/4P3/2PQ4/PPN1BPPP/R4RK1 b - - 8 15,-0.12,-0.09,-0.2,-0.07,-0.23,0.0,-0.05,0.0,a6a5,-0.14,-0.09,-0.24,-0.08,-0.17,0.0,-0.05,0.0,g7g6,-0.11,-0.09,-0.23,0.12,-0.3,0.0,-0.05,0.0
1r1q1rk1/5ppp/2npb3/pp1Np1b1/4P3/2PQ4/PPN1BPPP/R2R2K1 b - - 1 16,-0.1,-0.09,-0.14,-0.07,-0.14,0.0,-0.05,0.0,f7f5,-0.09,-0.09,-0.23,0.27,-0.34,0.0,-0.15,0.0,b5b4,-0.21,-0.09,-0.11,-0.06,-0.16,0.0,0.0,0.0
1r1q1rk1/6pp/2npb3/pp1Nppb1/4P3/2PQ1B2/PPN2PPP/R2R2K1 b - - 1 17,-0.13,-0.09,-0.39,0.29,-0.33,0.0,-0.15,0.0,f5f4,-0.04,-0.09,-0.41,-0.15,-0.37,0.0,-0.21,0.0,g8h8,0.14,-0.09,-0.52,0.12,-0.33,0.0,-0.15,0.0
1r1q1rk1/6pp/2npb3/pp1Np1b1/4Pp2/N1PQ1B2/PP3PPP/R2R2K1 b - - 1 18,-0.2,-0.09,-0.35,-0.14,-0.27,0.0,-0.21,0.0,c6a7,0.2,-0.09,-0.32,-0.09,-0.31,0.0,-0.21,0.0,c6a7,0.2,-0.09,-0.32,-0.09,-0.31,0.0,-0.21,0.0
1r1q1rk1/n5pp/3pb3/pp1Np1b1/1P2Pp2/N1PQ1B2/P4PPP/R2R2K1 b - - 0 19,0.07,-0.09,-0.22,-0.08,-0.21,0.0,-0.2,0.0,g8h8,0.34,-0.09,-0.38,-0.26,-0.21,0.0,-0.2,0.0,f8f7,0.04,-0.09,-0.26,-0.08,-0.24,0.0,-0.2,0.0
1r1q1r1k/n5pp/3pb3/pp1Np1b1/1P2Pp2/N1PQ1B2/P4PPP/1R1R2K1 b - - 2 20,0.39,-0.09,-0.28,-0.25,-0.21,0.0,-0.2,0.0,g5h4,0.5,-0.09,-0.29,-0.99,-0.23,0.0,-0.2,0.0,g5h4,0.5,-0.09,-0.29,-0.99,-0.23,0.0,-0.2,0.0
1r1q1r1k/n5pp/3pb3/pp1Np3/1P2Pp1b/N1PQ1B2/P2R1PPP/1R4K1 b - - 4 21,0.56,-0.09,-0.45,-0.76,-0.17,0.0,-0.2,0.0,f8f7,0.53,-0.09,-0.39,-0.74,-0.21,0.0,-0.2,0.0,a5b4,0.04,-0.33,-0.39,-0.74,-0.24,0.0,-0.25,0.0
1r1q3k/n4rpp/3pb3/pp1Np3/1P2Pp1b/N1PQ1B1P/P2R1PP1/1R4K1 b - - 0 22,0.45,-0.09,-0.34,-0.64,-0.17,0.0,-0.2,0.0,f7b7,0.47,-0.09,-0.39,-0.56,-0.14,0.0,-0.2,0.0,f7b7,0.47,-0.09,-0.39,-0.56,-0.14,0.0,-0.2,0.0
1r1q3k/nr4pp/3pb3/pp1Np3/1P2Pp1b/N1PQ1B1P/PR3PP1/1R4K1 b - - 2 23,0.38,-0.09,-0.33,-0.54,-0.14,0.0,-0.2,0.0,a5b4,-0.13,-0.33,-0.21,-0.51,-0.2,0.0,-0.25,0.0,a5b4,-0.13,-0.33,-0.21,-0.51,-0.2,0.0,-0.25,0.0
1r1q3k/nr4pp/3pb3/1p1Np3/1R2Pp1b/N1PQ1B1P/P4PP1/1R4K1 b - - 0 24,0.51,-0.13,-0.29,-0.79,-0.32,0.0,-0.17,0.0,d8a5,0.51,-0.13,-0.24,-0.67,-0.26,0.0,-0.17,0.0,d8c8,0.55,-0.13,-0.12,-0.63,-0.32,0.0,-0.17,0.0
1r5k/nr4pp/3pb3/qp1Np3/1R2Pp1b/NRPQ1B1P/P4PP1/6K1 b - - 2 25,0.55,-0.13,-0.38,-0.74,0.07,0.0,-0.17,0.0,a7c6,0.15,-0.13,-0.47,-0.82,-0.36,0.0,-0.17,0.0,a7c6,0.15,-0.13,-0.47,-0.82,-0.36,0.0,-0.17,0.0
1r5k/1r4pp/2npb3/qR1Np3/4Pp1b/NRPQ1B1P/P4PP1/6K1 b - - 0 26,0.6,0.03,-0.28,-0.75,0.36,0.04,-0.05,0.0,b7b5,-2.0,0.22,-0.4,-0.79,1.2,0.04,-0.11,0.0,b7b5,-2.0,0.22,-0.4,-0.79,1.2,0.04,-0.11,0.0
1r5k/6pp/2npb3/qN1Np3/4Pp1b/1RPQ1B1P/P4PP1/6K1 b - - 0 27,0.97,0.06,-0.39,-0.79,-0.16,0.04,-0.04,0.0,a5a2,0.39,-0.17,-0.45,-2.0,0.24,0.0,-0.15,0.0,a5a2,0.39,-0.17,-0.45,-2.0,0.24,0.0,-0.15,0.0
r1bq1rk1/pp1p1ppp/2nb4/8/2PPp1Q1/2N5/PP3PPP/R1B1KB1R w KQ - 1 10,-0.84,0.0,0.29,0.51,0.73,0.0,0.07,0.0,c1h6,-0.88,0.0,0.36,2.0,-0.35,0.0,0.07,0.0,c1h6,-0.88,0.0,0.36,2.0,-0.35,0.0,0.07,0.0
r1b2rk1/pp1p1ppp/2nb1q1B/8/2PPp1Q1/2N5/PP3PPP/R3KB1R w KQ - 3 11,-0.92,0.0,0.29,0.21,0.13,0.0,0.07,0.0,h6e3,-0.76,0.0,0.29,0.16,1.18,0.0,0.07,0.0,h6e3,-0.76,0.0,0.29,0.16,1.18,0.0,0.07,0.0
r1b2rk1/pp1p1ppp/3b1q2/8/2Pnp1Q1/2N1B3/PP3PPP/R3KB1R w KQ - 0 12,-1.68,-0.2,0.29,-1.28,1.14,0.0,-0.13,0.0,e1c1,-1.2,-0.2,0.23,-0.68,1.97,0.0,-0.13,0.0,e1c1,-1.2,-0.2,0.23,-0.68,1.97,0.0,-0.13,0.0
r1b2rk1/pp1p1ppp/5q2/4b3/2Pnp1Q1/2N1B3/PP3PPP/2KR1B1R w - - 2 13,-1.31,-0.2,0.3,-0.51,1.81,0.0,-0.13,0.0,c3e4,-0.44,0.0,0.38,0.17,1.68,0.0,0.06,0.0,c3d5,-1.09,-0.2,0.27,0.18,1.95,0.0,-0.09,0.0
r1b2rk1/pp1p1ppp/8/4bq2/2PnN1Q1/4B3/PP3PPP/2KR1B1R w - - 1 14,-0.42,0.0,0.41,0.13,0.64,0.0,0.06,0.0,h2h3,-0.5,0.0,0.46,0.18,1.03,0.0,0.06,0.0,g4h4,-0.43,0.0,0.39,0.02,1.0,0.0,0.06,0.0
r1b2rk1/pp3ppp/8/3pbq2/2PnN1Q1/4B2P/PP3PP1/2KR1B1R w - - 0 15,-0.51,0.0,0.01,-0.38,0.55,0.08,-0.03,0.0,c4d5,0.17,0.18,0.36,-0.17,0.55,0.32,0.17,0.0,c4d5,0.17,0.18,0.36,-0.17,0.55,0.32,0.17,0.0
r1b2rk1/pp3pp1/8/3Pbq1p/3nN1Q1/4B2P/PP3PP1/2KR1B1R w - - 0 16,0.18,0.18,0.34,-0.04,0.01,0.32,0.17,0.0,g4f5,2.0,0.63,0.0,0.0,0.0,0.0,0.0,0.0,g4h4,0.18,0.18,0.21,-0.43,0.74,0.32,0.17,0.0
r1b2rk1/pp3pp1/8/3Pbn1p/4N3/4B2P/PP3PP1/2KR1B1R w - - 0 17,0.25,0.2,0.22,-0.55,-0.21,0.32,0.0,0.0,e3c5,0.28,0.2,0.26,-0.59,0.2,0.32,0.0,0.0,e3d2,0.19,0.2,0.16,-0.55,0.17,0.32,0.0,0.0
r1br2k1/pp3pp1/8/2BPbn1p/4N3/7P/PP3PP1/2KR1B1R w - - 2 18,0.24,0.2,0.17,-0.63,-0.28,0.32,0.0,0.0,f1b5,0.41,0.2,0.39,-0.59,-0.54,0.32,0.0,0.0,f1b5,0.41,0.2,0.39,-0.59,-0.54,0.32,0.0,0.0
r2r2k1/pp1b1pp1/8/1BBPbn1p/4N3/7P/PP3PP1/2KR3R w - - 4 19,0.36,0.2,0.19,-0.63,-0.83,0.32,0.0,0.0,b5d7,2.0,0.94,0.38,-0.48,-0.24,0.32,0.0,0.0,b5d7,2.0,0.94,0.38,-0.48,-0.24,0.32,0.0,0.0
r5k1/pp1r1pp1/8/2BPbn1p/4N3/7P/PP3PP1/2KR3R w - - 0 20,0.18,0.17,0.18,-0.63,-0.28,0.32,0.0,0.0,d1d3,0.22,0.17,0.19,-0.63,-0.28,0.32,0.0,0.0,d5d6,0.28,0.17,0.22,-0.76,-0.2,0.66,0.0,0.0
r5k1/p2r1pp1/1p6/2BPbn1p/4N3/3R3P/PP3PP1/2K4R w - - 0 21,0.31,0.17,0.08,-0.56,-0.94,0.32,0.0,0.0,c5a3,0.17,0.17,-0.02,-2.0,-0.01,0.32,0.0,0.0,c5a3,0.17,0.17,-0.02,-2.0,-0.01,0.32,0.0,0.0
3r2k1/p2r1pp1/1p6/3Pbn1p/4N3/B2R3P/PP3PP1/2K4R w - - 2 22,0.04,0.17,-0.15,-2.0,-0.05,0.32,0.0,0.0,h1d1,0.17,0.17,-0.02,-2.0,0.02,0.32,0.0,0.0,h1d1,0.17,0.17,-0.02,-2.0,0.02,0.32,0.0,0.0
3r2k1/p2r1pp1/1p6/3Pbn2/4N2p/B2R3P/PP3PP1/2KR4 w - - 0 23,0.11,0.17,-0.02,-2.0,0.22,0.32,0.0,0.0,c1b1,0.38,0.17,-0.02,-0.44,0.22,0.32,0.0,0.0,c1c2,-0.07,0.17,0.01,-2.0,0.22,0.32,0.0,0.0
3r2k1/p2r2p1/1p3p2/3Pbn2/4N2p/B2R3P/PP3PP1/1K1R4 w - - 0 24,0.36,0.17,-0.08,-0.19,0.18,0.32,0.0,0.0,a3b4,0.45,0.17,0.02,-0.19,-0.14,0.32,0.0,0.0,b1c2,-0.09,0.17,-0.05,-2.0,0.18,0.32,0.0,0.0
3r4/p2r1kp1/1p3p2/3Pbn2/1B2N2p/3R3P/PP3PP1/1K1R4 w - - 2 25,0.89,0.17,0.05,0.13,-0.11,0.32,0.0,0.0,b4c3,0.82,0.17,-0.06,0.13,0.12,0.32,0.0,0.0,b1c2,0.45,0.17,0.09,-2.0,-0.11,0.32,0.0,0.0
4r3/p2r1kp1/1p3p2/3Pbn2/4N2p/2BR3P/PP3PP1/1K1R4 w - - 4 26,0.82,0.17,-0.05,0.17,0.13,0.32,0.0,0.0,d3f3,0.8,0.17,-0.15,0.25,0.59,0.32,0.0,0.0,c3e5,2.0,0.53,0.35,0.29,-1.13,0.32,0.0,0.0
4r3/p2r1kp1/1p3p2/3P1n2/4N2p/2b2R1P/PP3PP1/1K1R4 w - - 0 27,-2.0,-0.2,-0.38,0.1,1.83,0.32,0.0,0.0,e4c3,0.8,0.16,-0.06,0.25,0.81,0.32,0.0,0.0,e4c3,0.8,0.16,-0.06,0.25,0.81,0.32,0.0,0.0
4r3/p2r1kp1/1p1n1p2/3P4/7p/2N2R1P/PP3PP1/1K1R4 w - - 1 28,0.94,0.16,-0.17,0.29,-0.03,0.15,0.0,0.0,f3f4,0.92,0.16,-0.03,0.37,0.12,0.15,0.0,0.0,f3f4,0.92,0.16,-0.03,0.37,0.12,0.15,0.0,0.0
4r3/p2r1k2/1p1n1p2/3P2p1/5R1p/2N4P/PP3PP1/1K1R4 w - - 0 29,0.94,0.16,-0.03,0.89,-1.15,0.15,0.0,0.0,f4a4,0.89,0.16,-0.04,0.86,-0.28,0.15,0.0,0.0,f4d4,0.93,0.16,-0.04,0.86,-0.03,0.15,0.0,0.0
r2qkbnr/pp3ppb/2n1p3/2ppP2N/3P2P1/2P5/PP2NP1P/R1BQKB1R b KQkq - 0 10,0.7,0.28,0.11,-0.18,-0.17,0.0,0.25,0.0,c5d4,0.02,0.0,-0.07,-0.41,-0.74,-0.32,0.0,0.0,h7e4,0.48,0.28,0.06,-0.34,-0.9,0.0,0.25,0.0
r2qkbnr/pp3ppb/2n1p3/3pP2N/3P2P1/8/PP2NP1P/R1BQKB1R b KQkq - 0 11,0.68,0.26,-0.09,-2.0,-0.11,0.0,0.44,0.0,c6b4,0.64,0.26,-0.09,-2.0,-0.36,0.0,0.44,0.0,h7e4,0.46,0.26,-0.13,-2.0,-0.83,0.0,0.44,0.0
r2qkbnr/pp3ppb/4p3/3pP2N/Qn1P2P1/8/PP2NP1P/R1B1KB1R b KQkq - 2 12,,,,,,,,,d8d7,0.61,0.26,0.34,-2.0,-0.86,0.0,0.51,0.0,d8d7,0.61,0.26,0.34,-2.0,-0.86,0.0,0.51,0.0
r3kbnr/pp1Q1ppb/4p3/3pP2N/1n1P2P1/8/PP2NP1P/R1B1KB1R b KQkq - 0 13,,,,,,,,,e8d7,0.74,0.28,0.0,-0.98,0.0,0.0,0.0,0.0,e8d7,0.74,0.28,0.0,-0.98,0.0,0.0,0.0,0.0
r4bnr/pp1k1ppb/4p3/3pP2N/1n1P2P1/8/PP2NP1P/R1BK1B1R b - - 1 14,0.74,0.28,0.0,-0.58,-0.03,0.0,0.0,0.0,b4c2,0.78,0.28,0.05,-0.4,-0.84,0.0,0.0,0.0,b4c2,0.78,0.28,0.05,-0.4,-0.84,0.0,0.0,0.0
r4bnr/pp1k1ppb/4p3/3pP2N/3P2P1/8/PPn1NP1P/1RBK1B1R b - - 3 15,0.83,0.28,0.05,-0.4,-0.08,0.0,0.0,0.0,c2b4,0.79,0.28,0.0,-0.58,-1.12,0.0,0.0,0.0,c2d4,-0.1,0.0,-0.02,-0.84,-0.6,0.08,0.0,0.0
r4bnr/pp1k1ppb/4p3/3pP2N/1n1P2P1/8/PP2NP1P/R1BK1B1R b - - 5 16,0.74,0.28,0.0,-0.58,-0.03,0.0,0.0,0.0,b4d3,0.54,0.28,0.03,-0.92,-0.86,0.0,0.0,0.0,b4c2,0.78,0.28,0.05,-0.4,-0.84,0.0,0.0,0.0
r1bq1rk1/ppp3bp/n2p1pp1/3Pp1B1/2P1P1n1/2N2N2/PP2BPPP/R2QK2R w KQ - 0 10,-0.35,0.0,0.4,0.56,-1.0,0.0,0.43,0.0,g5h4,-0.51,0.0,0.21,0.48,0.07,0.0,0.43,0.0,g5h4,-0.51,0.0,0.21,0.48,0.07,0.0,0.43,0.0
r1bq1rk1/pp4bp/n2p1pp1/2pPp3/2P1P1nB/2N2N2/PP2BPPP/R2QK2R w KQ c6 0 11,-0.49,0.0,0.09,0.44,0.03,0.0,0.43,0.0,f3d2,-0.59,0.0,0.1,0.4,0.27,0.0,0.43,0.0,f3d2,-0.59,0.0,0.1,0.4,0.27,0.0,0.43,0.0
r1bq1rk1/pp4b1/n2p1pp1/2pPp2p/2P1P1nB/2N5/PP1NBPPP/R2QK2R w KQ - 0 12,-0.58,0.0,0.05,0.51,0.24,0.0,0.43,0.0,a2a3,-0.63,0.0,0.14,0.51,0.24,0.0,0.43,0.0,h2h3,-0.66,0.0,0.22,0.59,1.13,0.0,0.43,0.0
r1bq1rk1/pp4b1/n2p1ppn/2pPp2p/2P1P2B/P1N5/1P1NBPPP/R2QK2R w KQ - 1 13,-0.28,0.0,0.19,0.63,-0.3,0.0,0.54,0.0,h4g3,-0.15,0.0,0.02,0.67,-0.07,0.0,0.54,0.0,h2h3,-0.36,0.0,0.55,0.7,-0.26,0.0,0.54,0.0
r1bq1rk1/pp4b1/n2p2pn/2pPpp1p/2P1P3/P1N3B1/1P1NBPPP/R2QK2R w KQ - 0 14,-0.13,0.0,0.0,0.69,-0.33,0.0,0.33,0.0,f2f3,-0.12,0.0,0.26,0.37,-0.26,0.0,0.43,0.0,f2f3,-0.12,0.0,0.26,0.37,-0.26,0.0,0.43,0.0
r1bq1rk1/pp3nb1/n2p2p1/2pPpp1p/2P1P3/P1N2PB1/1P1NB1PP/R2QK2R w KQ - 1 15,-0.28,0.0,0.03,0.37,-0.26,0.0,0.43,0.0,d1c2,-0.26,0.0,0.15,0.37,-0.26,0.0,0.43,0.0,g3f2,-0.29,0.0,0.15,0.29,-0.03,0.0,0.43,0.0
r1bq1rk1/pp3n2/n2p2pb/2pPpp1p/2P1P3/P1N2PB1/1PQNB1PP/R3K2R w KQ - 3 16,-0.19,0.0,0.08,0.16,-0.5,0.0,0.22,0.0,e1c1,0.29,0.0,-0.21,-0.26,-0.5,0.0,0.22,0.0,e4f5,0.3,0.28,0.01,0.97,-0.58,0.2,0.35,0.0
r1bq1rk1/pp3n2/n2p2p1/2pPpp1p/2P1P3/P1N1bPB1/1PQNB1PP/2KR3R w - - 5 17,0.2,0.0,-0.24,-0.27,-0.46,0.0,0.22,0.0,c1b1,0.47,0.0,0.14,0.26,-0.46,0.0,0.22,0.0,e4f5,0.69,0.28,-0.33,0.44,-0.54,0.2,0.26,0.0
r1bq1rk1/pp3n2/n2p2p1/2pPp2p/2P1Pp2/P1N1bPB1/1PQNB1PP/1K1R3R w - - 0 18,0.56,0.0,0.25,0.11,-1.23,0.0,0.0,0.0,g3e1,0.35,0.0,0.12,0.07,-0.16,0.0,0.0,0.0,g3e1,0.35,0.0,0.12,0.07,-0.16,0.0,0.0,0.0
r1bq1rk1/ppn2n2/3p2p1/2pPp2p/2P1Pp2/P1N1bP2/1PQNB1PP/1K1RB2R w - - 2 19,0.19,0.0,0.14,0.07,-0.13,0.0,0.0,0.0,g2g3,0.18,0.0,-0.03,0.08,-0.13,0.0,0.0,0.0,d2b3,0.18,0.0,0.2,0.03,0.1,0.0,0.0,0.0
r1bq1r2/ppn2n1k/3p2p1/2pPp2p/2P1Pp2/P1N1bPP1/1PQNB2P/1K1RB2R w - - 1 20,0.41,0.0,-0.07,-0.04,-0.13,0.0,0.0,0.0,d2b3,0.4,0.0,0.01,-0.08,0.1,0.0,0.0,0.0,e2d3,0.48,0.0,-0.14,-0.04,-0.13,0.0,0.0,0.0
r1bq1r2/ppn4k/3p2p1/2pPp1np/2P1Pp2/PNN1bPP1/1PQ1B2P/1K1RB2R w - - 3 21,0.24,0.0,-0.04,-0.08,0.31,0.0,0.0,0.0,e1d2,0.37,0.0,0.08,-0.04,0.27,0.0,0.0,0.0,g3f4,0.89,0.28,0.05,0.29,0.04,0.0,0.52,0.0
r1bq1r2/ppn4k/3p2p1/2pPp1np/2P1Pp2/PNN2PP1/1PQbB2P/1K1R3R w - - 0 22,-2.0,-0.82,-0.01,-0.04,0.98,0.0,0.0,0.0,b3d2,0.41,0.0,0.12,0.04,0.37,0.0,0.24,0.0,c2d2,0.42,0.0,0.17,0.08,0.13,0.0,0.24,0.0
r1bq1r2/ppn4k/3p2p1/2pPp2p/2P1Pp2/P1N2PPn/1PQNB2P/1K1R3R w - - 1 23,0.49,0.0,0.12,0.04,0.13,0.0,0.12,0.0,d1f1,0.45,0.0,0.12,0.04,0.13,0.0,0.12,0.0,d1e1,0.49,0.0,0.12,0.04,0.13,0.0,0.12,0.0
r2q1r2/ppnb3k/3p2p1/2pPp2p/2P1Pp2/P1N2PPn/1PQNB2P/1K3R1R w - - 3 24,0.39,0.0,-0.29,-0.04,0.17,0.0,0.12,0.0,e2d3,0.45,0.0,-0.36,-0.04,0.17,0.0,0.12,0.0,f1e1,0.43,0.0,-0.29,-0.04,0.17,0.0,0.12,0.0
r4r2/ppnbq2k/3p2p1/2pPp2p/2P1Pp2/P1NB1PPn/1PQN3P/1K3R1R w - - 5 25,0.41,0.0,-0.29,-0.04,0.17,0.0,0.12,0.0,c2d1,0.39,0.0,-0.33,-0.04,0.09,0.0,0.12,0.0,f1e1,0.46,0.0,-0.29,-0.04,0.13,0.0,0.12,0.0
r4r2/1pnbq2k/p2p2p1/2pPp2p/2P1Pp2/P1NB1PPn/1P1N3P/1K1Q1R1R w - - 0 26,0.45,0.0,-0.36,-0.01,0.06,0.0,0.12,0.0,d1e2,0.49,0.0,-0.36,-0.01,0.1,0.0,0.12,0.0,c3e2,0.35,0.0,-0.43,0.02,-0.01,0.0,0.12,0.0
r4r2/2nbq2k/p2p2p1/1ppPp2p/2P1Pp2/P1NB1PPn/1P1NQ2P/1K3R1R w - - 0 27,0.62,0.0,-0.36,-0.2,0.1,0.0,0.12,0.0,f1c1,0.62,0.0,-0.31,-0.2,0.07,0.0,0.12,0.0,c4b5,1.08,0.25,-0.29,-0.16,0.31,0.56,0.11,0.0
1r3r2/2nbq2k/p2p2p1/1ppPp2p/2P1Pp2/P1NB1PPn/1P1NQ2P/1KR4R w - - 2 28,0.56,0.0,-0.32,-0.2,0.07,0.0,0.12,0.0,c3a2,0.16,0.0,-0.32,-0.2,0.1,0.0,0.12,0.0,e2g2,0.53,0.0,-0.2,-0.2,0.1,0.0,0.12,0.0
1r3r2/2nb3k/p2p2p1/1ppPp1qp/2P1Pp2/P2B1PPn/NP1NQ2P/1KR4R w - - 4 29,0.2,0.0,-0.2,-0.2,0.1,0.0,0.12,0.0,e2e1,0.16,0.0,-0.18,-0.2,0.1,0.0,0.12,0.0,e2e1,0.16,0.0,-0.18,-0.2,0.1,0.0,0.12,0.0
rn2k2r/p2qnppp/bpp1p3/3pP3/B2P4/2P5/PP1QNPPP/R3K1NR b KQkq - 0 10,-0.0,0.0,0.25,-0.01,-0.53,0.0,0.23,0.0,a6b5,-0.09,0.0,0.21,-0.08,-0.6,0.0,0.23,0.0,h7h6,0.08,0.0,0.23,-0.05,-0.56,0.0,0.23,0.0
rn2k2r/p2qnppp/1pp1p3/1b1pP3/3P4/2P5/PPBQNPPP/R3K1NR b KQkq - 2 11,0.02,0.0,0.32,0.0,-0.04,0.0,0.23,0.0,c6c5,0.05,0.0,0.02,-0.04,-0.04,0.0,0.08,0.0,c6c5,0.05,0.0,0.02,-0.04,-0.04,0.0,0.08,0.0
rn2k2r/p2qnppp/1p2p3/1bppP3/3P4/2P2N2/PPBQNPPP/R3K2R b KQkq - 1 12,0.52,0.0,0.13,0.0,-0.04,0.0,0.08,0.0,b8c6,0.05,0.0,0.01,-0.08,-0.01,0.0,0.08,0.0,b8c6,0.05,0.0,0.01,-0.08,-0.01,0.0,0.08,0.0
r3k2r/p2qnppp/1pn1p3/1bppP3/3P4/2P2N2/PPBQNPPP/R4RK1 b kq - 3 13,0.75,0.0,0.13,0.23,-0.11,0.0,0.08,0.0,a8c8,0.67,0.0,0.09,0.23,-0.11,0.0,0.08,0.0,h7h6,0.83,0.0,0.02,0.16,-0.13,0.0,0.08,0.0
2r1k2r/p2qnppp/1pn1p3/1bppP3/3P4/2P2N2/PPBQNPPP/R3R1K1 b k - 5 14,0.71,0.0,0.14,0.23,-0.01,0.0,0.08,0.0,e8g8,0.01,0.0,-0.02,0.6,-0.01,0.0,0.08,0.0,b5e2,-2.0,-0.75,0.16,0.15,0.36,0.0,0.05,0.0
2r2rk1/p2qnppp/1pn1p3/1bppP3/3P1N2/2P2N2/PPBQ1PPP/R3R1K1 b - - 7 15,0.27,0.0,-0.04,0.51,0.29,0.0,0.08,0.0,c5d4,-0.4,-0.25,-0.1,0.47,0.15,-0.32,-0.12,0.0,e7g6,0.28,0.0,-0.09,0.19,0.2,0.0,0.08,0.0
2r2rk1/p2qnppp/1pn1p3/1b1pP3/3P1N2/5N2/PPBQ1PPP/R3R1K1 b - - 0 16,0.25,0.0,-0.01,0.52,0.29,0.0,0.2,0.0,e7g6,0.26,0.0,-0.06,0.19,0.2,0.0,0.2,0.0,e7g6,0.26,0.0,-0.06,0.19,0.2,0.0,0.2,0.0
2r2rk1/p2q1ppp/1pn1p1n1/1b1pP2N/3P4/5N2/PPBQ1PPP/R3R1K1 b - - 2 17,-0.1,0.0,-0.07,0.55,0.62,0.0,0.2,0.0,f7f6,-0.11,0.0,-0.2,1.15,0.53,0.0,0.07,0.0,c8c7,-0.12,0.0,0.12,0.6,0.62,0.0,0.2,0.0
2r2rk1/p2q2pp/1pn1pPn1/1b1p3N/3P4/5N2/PPBQ1PPP/R3R1K1 b - - 0 18,0.52,0.23,-0.03,2.0,0.8,0.72,0.12,0.0,g7f6,-0.13,0.0,-0.24,1.51,0.71,0.0,-0.09,0.0,f8f6,-0.12,0.0,-0.08,0.84,0.97,0.0,-0.09,0.0
2r2rk1/p2q3p/1pn1ppn1/1b1p3N/3P4/5N2/PPBQ1PPP/2R1R1K1 b - - 1 19,-0.05,0.0,-0.18,1.53,0.71,0.0,-0.09,0.0,d7f7,-0.03,0.0,-0.01,1.6,0.58,0.0,-0.09,0.0,d7f7,-0.03,0.0,-0.01,1.6,0.58,0.0,-0.09,0.0
2r2rk1/p4q1p/1pn1ppn1/1b1p4/3P1N2/5N2/PPBQ1PPP/2R1R1K1 b - - 3 20,0.33,0.0,0.01,0.86,0.27,0.0,-0.09,0.0,f8e8,0.28,0.0,-0.04,0.86,0.24,0.0,-0.09,0.0,g6f4,-2.0,-0.57,-0.11,0.11,0.67,0.0,-0.15,0.0
2r1r1k1/p4q1p/1pn1ppn1/1b1p4/P2P1N2/5N2/1PBQ1PPP/2R1R1K1 b - - 0 21,0.25,0.0,-0.04,0.86,1.14,0.0,-0.09,0.0,b5a6,0.34,0.0,-0.0,0.86,0.04,0.0,-0.09,0.0,b5a6,0.34,0.0,-0.0,0.86,0.04,0.0,-0.09,0.0
2r1r1k1/p4q1p/bpn1ppB1/3p4/P2P1N2/5N2/1P1Q1PPP/2R1R1K1 b - - 0 22,2.0,0.57,0.17,2.0,-0.17,0.0,0.03,0.0,h7g6,-0.1,0.17,-0.12,0.92,0.11,0.0,-0.07,0.0,h7g6,-0.1,0.17,-0.12,0.92,0.11,0.0,-0.07,0.0
2r1r1k1/p4q2/bpn1ppp1/3p4/PP1P1N2/5N2/3Q1PPP/2R1R1K1 b - - 0 23,-0.22,0.17,-0.06,0.93,0.51,0.0,-0.07,0.0,a6c4,-0.36,0.17,-0.1,0.92,0.11,0.0,-0.07,0.0,g6g5,-0.22,0.17,-0.33,1.06,-0.51,0.0,-0.11,0.0
2r1r1k1/p4q2/1pn1ppp1/3p4/PPbP1N1P/5N2/3Q1PP1/2R1R1K1 b - - 0 24,-0.38,0.17,-0.05,0.86,0.37,0.0,-0.07,0.0,e6e5,-0.41,0.17,-0.16,0.8,-1.09,0.0,-0.14,0.0,e6e5,-0.41,0.17,-0.16,0.8,-1.09,0.0,-0.14,0.0
2r1r1k1/p4q2/1pn2pp1/1P1pp3/P1bP1N1P/5N2/3Q1PP1/2R1R1K1 b - - 0 25,-0.3,0.17,-0.16,0.8,-0.4,0.0,-0.15,0.0,c6a5,-0.11,0.17,-0.09,0.81,-1.29,0.0,-0.15,0.0,c6a5,-0.11,0.17,-0.09,0.81,-1.29,0.0,-0.15,0.0
2r1r1k1/p4q2/1p3pp1/nP1pP3/P1b2N1P/5N2/3Q1PP1/2R1R1K1 b - - 0 26,0.65,0.32,-0.18,1.31,0.28,0.39,0.06,0.0,a5b3,0.38,0.32,-0.29,1.28,-0.24,0.35,0.06,0.0,a5b3,0.38,0.32,-0.29,1.28,-0.24,0.35,0.06,0.0
2r1r1k1/p4q2/1p3pp1/1P1pP3/P1b2N1P/1n2QN2/5PP1/2R1R1K1 b - - 2 27,0.35,0.32,-0.32,1.32,-0.54,0.35,0.06,0.0,f6e5,-0.39,0.12,-0.31,0.92,-1.8,0.03,-0.15,0.0,d5d4,0.44,0.32,-0.29,1.33,-1.05,0.0,0.03,0.0
2r1r1k1/p4q2/1p4p1/1P1pN3/P1b2N1P/1n2Q3/5PP1/2R1R1K1 b - - 0 28,0.62,0.25,-0.2,1.63,0.22,0.03,0.0,0.0,b3c1,-2.0,0.49,-0.36,1.51,1.22,0.08,0.0,0.0,b3c1,-2.0,0.49,-0.36,1.51,1.22,0.08,0.0,0.0
2r1r1k1/p4q2/1p4p1/1P1pN3/P1b2N1P/4Q3/5PP1/2R3K1 b - - 0 29,-1.63,0.94,-0.25,1.5,0.5,0.08,0.0,0.0,f7f6,-1.65,0.94,-0.24,1.11,-0.58,0.08,0.0,0.0,f7f5,-1.63,0.94,-0.25,1.02,-0.25,0.08,0.0,0.0
r2q1rk1/pp1bppbp/2np1np1/1B6/2P1P3/2NQ1N2/PP3PPP/R1B2RK1 w - - 5 10,0.14,0.0,0.02,0.23,-0.12,0.0,0.25,0.0,b5c6,2.0,0.66,0.26,0.27,0.02,0.0,0.36,0.0,h2h3,0.06,0.0,0.17,0.3,-0.12,0.0,0.25,0.0
r2q1rk1/pp2ppbp/2bp1np1/8/2P1P3/2NQ1N2/PP3PPP/R1B2RK1 w - - 0 11,-0.14,-0.09,0.08,0.35,-0.38,0.0,0.22,0.0,f3d4,0.07,-0.09,0.08,0.31,-0.24,0.0,0.22,0.0,f1d1,-0.1,-0.09,0.17,0.35,-0.38,0.0,0.22,0.0
r2q1rk1/pp1nppbp/2bp2p1/8/2PNP3/2NQ4/PP3PPP/R1B2RK1 w - - 2 12,0.17,-0.09,0.01,0.38,-0.31,0.0,0.22,0.0,c1e3,0.29,-0.09,0.09,0.38,-0.21,0.0,0.22,0.0,c1e3,0.29,-0.09,0.09,0.38,-0.21,0.0,0.22,0.0
r4rk1/pp1nppbp/2bp2p1/q7/2PNP3/2NQB3/PP3PPP/R4RK1 w - - 4 13,0.29,-0.09,-0.05,0.27,-0.07,0.0,0.17,0.0,a1c1,0.37,-0.09,0.05,0.27,-0.1,0.0,0.17,0.0,a1c1,0.37,-0.09,0.05,0.27,-0.1,0.0,0.17,0.0
r1r3k1/pp1nppbp/2bp2p1/q7/2PNP3/2NQB3/PP3PPP/2R2RK1 w - - 6 14,0.37,-0.09,-0.05,0.27,-0.1,0.0,0.17,0.0,f1d1,0.41,-0.09,0.05,0.27,-0.1,0.0,0.17,0.0,f1d1,0.41,-0.09,0.05,0.27,-0.1,0.0,0.17,0.0
r1r3k1/1p1nppbp/p1bp2p1/q7/2PNP3/2NQB3/PP3PPP/2RR2K1 w - - 0 15,0.47,-0.09,-0.07,0.27,-0.13,0.0,0.17,0.0,b2b3,0.38,-0.09,-0.04,0.27,-0.18,0.0,0.17,0.0,h2h3,0.39,-0.09,-0.07,0.34,-0.13,0.0,0.17,0.0
r1r3k1/1p2ppbp/p1bp2p1/q1n5/2PNP3/1PNQB3/P4PPP/2RR2K1 w - - 1 16,0.12,-0.09,0.09,0.35,-0.78,0.0,0.17,0.0,d3b1,0.06,-0.09,-0.2,0.35,-0.37,0.0,0.17,0.0,d3b1,0.06,-0.09,-0.2,0.35,-0.37,0.0,0.17,0.0
r1r3k1/1p2ppbp/p1bpn1p1/q7/2PNP3/1PN1B3/P4PPP/1QRR2K1 w - - 3 17,0.2,-0.09,-0.49,0.19,0.07,0.0,0.17,0.0,d4e6,2.0,0.62,-0.12,0.6,-1.1,0.0,0.23,0.0,d4e2,-0.11,-0.09,-0.37,0.15,-0.24,0.0,0.17,0.0
r1r3k1/1p2p1bp/p1bpp1p1/q7/2P1P3/1PN1B3/P4PPP/1QRR2K1 w - - 0 18,-0.04,-0.03,-0.33,0.56,-0.56,0.0,0.14,0.0,c3a4,-0.24,-0.03,-0.36,0.49,0.36,0.0,0.14,0.0,b3b4,-0.08,-0.03,-0.28,0.56,0.87,0.0,0.18,0.0
r4rk1/1p2p1bp/p1bpp1p1/q7/N1P1P3/1P2B3/P4PPP/1QRR2K1 w - - 2 19,-0.24,-0.03,-0.4,0.37,0.42,0.0,0.14,0.0,a4b6,0.03,-0.03,-0.34,0.37,0.66,0.0,0.18,0.0,c4c5,-0.33,-0.03,-0.37,0.45,-0.06,0.0,0.18,0.0
3r1rk1/1p2p1bp/pNbpp1p1/q7/2P1P3/1P2B3/P4PPP/1QRR2K1 w - - 4 20,-0.09,-0.03,-0.34,0.37,0.16,0.0,0.18,0.0,f2f3,-0.08,-0.03,-0.25,0.2,0.25,0.0,0.22,0.0,c4c5,-0.18,-0.03,-0.29,0.45,0.31,0.0,0.21,0.0
3r1rk1/1p2p1bp/pNbpp1p1/7q/2P1P3/1P2BP2/P5PP/1QRR2K1 w - - 1 21,-0.08,-0.03,-0.11,-0.04,0.23,0.0,0.22,0.0,b1d3,-0.02,-0.03,0.15,0.0,0.26,0.0,0.22,0.0,d1f1,-0.12,-0.03,-0.2,-0.06,0.26,0.0,0.22,0.0
3r1rk1/1p2p1bp/pNbpp3/6pq/2P1P3/1P1QBP2/P5PP/2RR2K1 w - - 0 22,-0.01,-0.03,0.11,0.06,0.36,0.0,0.18,0.0,h2h3,-0.1,-0.03,0.17,0.29,0.36,0.0,0.22,0.0,e3d4,0.09,-0.03,0.22,0.12,0.0,0.0,0.22,0.0
3r1rk1/1p2p1bp/pNbpp1q1/6p1/2P1P3/1P1QBP1P/P5P1/2RR2K1 w - - 1 23,-0.11,-0.03,0.11,0.37,0.09,0.0,0.22,0.0,d3d2,-0.08,-0.03,0.12,0.33,0.06,0.0,0.22,0.0,b3b4,-0.14,-0.03,0.04,0.37,0.09,0.0,0.26,0.0
3r1rk1/1p2p2p/pNbppbq1/6p1/2P1P3/1P2BP1P/P2Q2P1/2RR2K1 w - - 3 24,-0.02,-0.03,0.19,0.37,-0.1,0.0,0.22,0.0,c4c5,-0.11,-0.03,0.05,0.37,-0.03,0.0,0.25,0.0,b3b4,-0.06,-0.03,0.11,0.37,-0.1,0.0,0.26,0.0
3r1rk1/1p2p2p/pNb1pbq1/2Pp2p1/4P3/1P2BP1P/P2Q2P1/2RR2K1 w - - 0 25,-0.13,-0.03,-0.03,0.41,-0.26,0.03,0.18,0.0,e4e5,-0.27,-0.03,-0.11,0.41,-0.42,0.03,0.25,0.0,e4d5,0.38,0.1,-0.19,0.45,0.84,0.2,0.23,0.0
3r1rk1/1p2p2p/pNb1p1q1/2Ppb1p1/8/1P2BP1P/P2Q2P1/2RR2K1 w - - 0 26,-1.14,-0.21,-0.46,-0.51,-0.04,0.03,-0.02,0.0,e3g5,-0.46,-0.08,-0.39,-0.59,0.1,0.03,0.05,0.0,e3g5,-0.46,-0.08,-0.39,-0.59,0.1,0.03,0.05,0.0
3r2k1/1p2p2p/pNb1p1q1/2PpbrB1/8/1P3P1P/P2Q2P1/2RR2K1 w - - 1 27,-0.51,-0.08,-0.17,-0.53,-0.27,0.03,0.07,0.0,g5e7,0.03,0.03,-0.33,-1.57,1.03,0.03,0.07,0.0,f3f4,-0.53,-0.08,-0.12,0.51,0.86,0.03,0.12,0.0
3r2k1/1p2B2p/pNb1p1q1/2Pp1r2/5b2/1P3P1P/P2Q2P1/2RR2K1 w - - 1 28,0.12,0.03,-0.31,-1.21,0.18,0.03,0.1,0.0,d2f2,0.1,0.03,-0.29,-1.2,0.47,0.03,0.1,0.0,d2d3,0.09,0.03,-0.38,-1.73,0.14,0.03,0.1,0.0
4r1k1/1p2B2p/pNb1p1q1/2Pp1r2/5b2/1P3P1P/P4QP1/2RR2K1 w - - 3 29,0.1,0.03,-0.25,-1.18,-0.79,0.08,0.1,0.0,e7d6,0.15,0.03,-0.17,-1.13,-0.22,0.08,0.12,0.0,e7h4,0.07,0.03,-0.25,-0.79,-0.19,0.08,0.12,0.0
rnb2rk1/1p2ppbp/2p2np1/q2P4/P2P4/5NP1/PB2PPBP/RN1Q1RK1 b - - 0 10,1.32,0.55,-0.25,-0.08,-0.05,0.0,0.25,0.0,f6d5,0.5,0.26,-0.34,-0.12,0.56,0.0,0.14,0.0,f6d5,0.5,0.26,-0.34,-0.12,0.56,0.0,0.14,0.0
rnb2rk1/1p2ppbp/2p3p1/q2n4/P2PP3/5NP1/PB3PBP/RN1Q1RK1 b - - 0 11,0.62,0.26,-0.15,-0.08,1.16,0.0,0.26,0.0,d5b6,0.93,0.26,-0.03,-0.12,0.35,0.0,0.3,0.0,d5b6,0.93,0.26,-0.03,-0.12,0.35,0.0,0.3,0.0
rnb2rk1/1p2ppbp/1np3p1/q7/P2PP3/2N2NP1/PB3PBP/R2Q1RK1 b - - 2 12,1.4,0.26,0.1,-0.04,-0.0,0.0,0.35,0.0,f8d8,1.36,0.26,0.0,-0.04,-0.43,0.0,0.35,0.0,b6c4,1.11,0.26,0.03,-0.08,-0.69,0.0,0.26,0.0
rnbr2k1/1p2ppbp/1np3p1/q7/P2PP3/2N2NP1/PBQ2PBP/R4RK1 b - - 4 13,1.38,0.26,0.08,0.0,0.21,0.0,0.35,0.0,b6a4,0.88,0.0,0.14,0.0,-0.22,0.0,0.25,0.0,b8a6,1.23,0.26,0.12,0.0,0.12,0.0,0.35,0.0
rnbr2k1/1p2ppbp/2p3p1/q7/N2PP3/5NP1/PBQ2PBP/R4RK1 b - - 0 14,2.0,0.57,0.15,-0.08,-0.46,0.0,0.25,0.0,a5a4,0.7,0.0,0.06,0.08,-0.42,0.0,0.21,0.0,a5a4,0.7,0.0,0.06,0.08,-0.42,0.0,0.21,0.0
rnbr2k1/1p2ppbp/2p3p1/8/q2PP3/5NP1/PB2QPBP/R4RK1 b - - 1 15,0.72,0.0,0.05,0.08,-0.09,0.0,0.21,0.0,c8g4,0.54,0.0,-0.06,0.04,-0.09,0.0,0.21,0.0,c8g4,0.54,0.0,-0.06,0.04,-0.09,0.0,0.21,0.0
rn1r2k1/1p2ppbp/2p3p1/8/q2PP1b1/5NP1/PB2QPBP/R2R2K1 b - - 3 16,0.59,0.0,0.07,0.04,-0.09,0.0,0.21,0.0,g4f3,-2.0,-0.61,-0.03,-0.15,-1.71,0.0,0.11,0.0,g7d4,-0.23,-0.18,-0.05,-0.18,0.81,0.03,0.02,0.0
rn1r2k1/1p2ppbp/2p3p1/8/q2PP3/5BP1/PB2QP1P/R2R2K1 b - - 0 17,0.85,0.08,0.29,0.19,0.17,0.0,0.17,0.0,g7d4,0.03,-0.03,0.17,0.04,1.06,0.03,0.02,0.0,g7d4,0.03,-0.03,0.17,0.04,1.06,0.03,0.02,0.0
rn1r2k1/1p2pp1p/2p3p1/4P3/q2b4/5BP1/PB2QP1P/R2R2K1 b - - 0 18,-0.11,-0.03,0.26,0.09,0.9,0.03,0.06,0.0,e7e6,-0.18,-0.03,0.26,0.06,0.94,0.03,0.06,0.0,b8a6,-0.25,-0.03,0.13,0.08,0.99,0.03,0.06,0.0
rn1r2k1/1p3p1p/2p1p1p1/4P3/q2bQ3/5BP1/PB3P1P/R2R2K1 b - - 1 19,-0.2,-0.03,0.26,0.12,0.1,0.03,0.06,0.0,d4b6,-0.15,-0.03,0.25,0.09,-0.45,0.03,0.03,0.0,d4b6,-0.15,-0.03,0.25,0.09,-0.45,0.03,0.03,0.0
rn1R2k1/1p3p1p/1bp1p1p1/4P3/q3Q3/5BP1/PB3P1P/R5K1 b - - 0 20,,,,,,,,,b6d8,0.06,-0.06,0.26,0.27,-0.02,0.03,0.0,0.0,b6d8,0.06,-0.06,0.26,0.27,-0.02,0.03,0.0,0.0
rn1b2k1/1p3p1p/2p1p1p1/4P3/q3Q3/5BP1/PB3P1P/3R2K1 b - - 1 21,0.18,-0.06,0.43,1.67,0.18,0.03,0.0,0.0,d8b6,-0.03,-0.06,0.4,0.29,-0.45,0.03,0.0,0.0,d8b6,-0.03,-0.06,0.4,0.29,-0.45,0.03,0.0,0.0
rn4k1/1p3p1p/1bp1p1p1/4P3/q2BQ3/5BP1/P4P1P/3R2K1 b - - 3 22,0.12,-0.06,0.39,0.43,-0.72,0.03,0.0,0.0,b8d7,-0.25,-0.06,0.18,0.35,-1.1,0.03,0.0,0.0,b8d7,-0.25,-0.06,0.18,0.35,-1.1,0.03,0.0,0.0
r5k1/1p1n1p1p/1bp1p1p1/4P3/q2B4/4QBP1/P4P1P/3R2K1 b - - 5 23,-0.25,-0.06,0.19,0.31,-1.33,0.03,0.0,0.0,a4a5,-0.27,-0.06,0.19,0.23,-0.7,0.03,0.0,0.0,a4a5,-0.27,-0.06,0.19,0.23,-0.7,0.03,0.0,0.0
r5k1/1p1n1p1p/1Bp1p1p1/q3P3/8/4QBP1/P4P1P/3R2K1 b - - 0 24,2.0,0.28,0.46,0.2,-0.74,0.03,0.0,0.0,d7b6,-0.35,-0.36,0.19,0.5,-0.86,0.03,0.0,0.0,d7b6,-0.35,-0.36,0.19,0.5,-0.86,0.03,0.0,0.0
r5k1/1p3p1p/1np1p1p1/q3P3/8/4QBP1/P4P1P/1R4K1 b - - 1 25,-0.42,-0.36,0.15,0.36,-0.38,0.03,0.0,0.0,b6c4,-0.72,-0.36,0.2,0.28,-0.93,0.03,0.0,0.0,b6c4,-0.72,-0.36,0.2,0.28,-0.93,0.03,0.0,0.0
r5k1/1p3p1p/2p1p1p1/q3P3/2nQ4/5BP1/P4P1P/1R4K1 b - - 3 26,-0.71,-0.36,0.21,0.17,-0.45,0.03,0.0,0.0,c4e5,-1.39,-0.43,0.35,-0.75,-1.65,0.03,0.0,0.0,c4d2,-0.68,-0.36,0.22,-0.9,-2.0,0.03,0.0,0.0
r5k1/1p3p1p/2p1p1p1/q3n3/3QB3/6P1/P4P1P/1R4K1 b - - 1 27,-1.18,-0.43,0.21,-0.04,-0.99,0.03,0.0,0.0,a8d8,-1.31,-0.43,0.12,-0.09,-2.0,0.03,0.0,0.0,a8d8,-1.31,-0.43,0.12,-0.09,-2.0,0.03,0.0,0.0
3r2k1/1p3p1p/2p1p1p1/q3n3/4B3/4Q1P1/P4P1P/1R4K1 b - - 3 28,-1.31,-0.43,0.11,-0.01,-0.53,0.03,0.0,0.0,a5a2,-1.89,-0.49,0.12,-0.13,-0.2,0.04,0.0,0.0,d8d7,-1.37,-0.43,0.2,-0.0,-0.86,0.03,0.0,0.0
3r2k1/1R3p1p/2p1p1p1/4n3/4B3/4Q1P1/q4P1P/6K1 b - - 0 29,-1.12,-0.35,0.18,-2.0,0.09,0.03,0.0,0.0,a2a1,,,,,,,,,d8d1,,,,,,,,
rnbq1rk1/5ppp/1p2pn2/p1pp4/3P1P2/2PB1N2/PP1NQPPP/R3K2R w KQ - 0 10,-0.1,0.0,0.12,0.17,-0.43,0.0,-0.13,0.0,f3e5,0.12,0.0,0.25,0.46,-0.36,0.0,0.0,0.0,f3e5,0.12,0.0,0.25,0.46,-0.36,0.0,0.0,0.0
rnbq1rk1/3n1ppp/1p2p3/p1ppN3/3P1P2/2PB4/PP1NQPPP/R3K2R w KQ - 2 11,0.22,0.0,0.32,0.7,-0.46,0.0,0.0,0.0,d2f3,0.32,0.0,0.3,0.69,-0.46,0.0,0.0,0.0,d2f3,0.32,0.0,0.3,0.69,-0.46,0.0,0.0,0.0
rnbq1rk1/5ppp/1p2p3/p1ppn3/3P1P2/2PB1N2/PP2QPPP/R3K2R w KQ - 0 12,-2.0,-0.75,0.02,0.0,0.45,0.0,-0.34,0.0,f4e5,-0.03,0.0,0.12,0.32,-0.31,0.0,0.2,0.0,f3e5,0.22,0.0,0.28,0.89,-0.5,0.0,0.0,0.0
rn1q1rk1/5ppp/bp2p3/p1ppP3/3P4/2PB1N2/PP2QPPP/R3K2R w KQ - 1 13,-0.03,0.0,-0.06,0.21,-0.38,0.0,0.13,0.0,h2h4,-0.05,0.0,0.09,0.22,-0.31,0.0,0.13,0.0,h2h4,-0.05,0.0,0.09,0.22,-0.31,0.0,0.13,0.0
rn1q1rk1/5ppp/1p2p3/p1ppP3/3P3P/2Pb1N2/PP2QPP1/R3K2R w KQ - 0 14,-2.0,-0.5,-0.29,-0.38,0.05,0.0,-0.02,0.0,e2d3,-0.19,0.0,0.24,0.1,-0.3,0.0,0.0,0.0,e2d3,-0.19,0.0,0.24,0.1,-0.3,0.0,0.0,0.0
rn1q1rk1/6pp/1p2pp2/p1ppP3/3P3P/2PQ1N2/PP3PP1/R3K2R w KQ - 0 15,-0.2,0.0,0.21,0.54,-0.37,0.0,0.0,0.0,e5f6,0.43,0.18,0.24,2.0,-0.68,0.72,0.0,0.0,e5f6,0.43,0.18,0.24,2.0,-0.68,0.72,0.0,0.0
rn3rk1/6pp/1p2pq2/p1pp4/3P3P/2PQ1N2/PP3PP1/R3K2R w KQ - 0 16,-0.19,0.0,0.08,0.2,-0.26,0.0,0.0,0.0,e1g1,0.51,0.0,0.12,0.28,-0.3,0.0,0.0,0.0,e1g1,0.51,0.0,0.12,0.28,-0.3,0.0,0.0,0.0
r4rk1/6pp/1pn1pq2/p1pp4/3P3P/2PQ1N2/PP3PP1/R4RK1 w - - 2 17,0.04,0.0,-0.16,0.21,-0.26,0.0,0.0,0.0,d3b5,0.07,0.0,-0.29,0.03,0.59,0.0,0.0,0.0,f3g5,0.07,0.0,-0.2,1.93,-0.32,0.0,0.0,0.0
2r2rk1/6pp/1pn1pq2/pQpp4/3P3P/2P2N2/PP3PP1/R4RK1 w - - 4 18,-0.01,0.0,-0.25,0.03,0.25,0.0,0.0,0.0,b5b6,0.5,0.16,-0.12,0.03,0.04,0.0,0.0,0.0,b5b6,0.5,0.16,-0.12,0.03,0.04,0.0,0.0,0.0
2r2rk1/6pp/1Qn1pq2/p2p4/3p3P/2P2N2/PP3PP1/R4RK1 w - - 0 19,-0.17,0.0,-0.18,-0.05,-0.23,-0.45,0.0,0.0,c3d4,0.48,0.13,-0.25,0.03,-0.41,0.0,0.0,0.0,c3d4,0.48,0.13,-0.25,0.03,-0.41,0.0,0.0,0.0
2r2rk1/6pp/1Q2pq2/p2p4/1n1P3P/5N2/PP3PP1/R4RK1 w - - 1 20,0.45,0.13,-0.22,0.11,0.1,0.0,0.0,0.0,b6a5,0.99,0.25,-0.22,0.07,0.3,0.03,0.0,0.0,a1e1,0.57,0.13,-0.08,0.18,0.07,0.0,0.0,0.0
2r2rk1/6pp/4pq2/Q2p4/3P3P/3n1N2/PP3PP1/R4RK1 w - - 1 21,0.79,0.25,-0.25,-0.21,-0.54,0.03,0.0,0.0,a5d2,0.85,0.25,-0.3,-0.13,0.34,0.03,0.0,0.0,a5d2,0.85,0.25,-0.3,-0.13,0.34,0.03,0.0,0.0
2r2rk1/6pp/4pq2/3p4/3P1n1P/5N2/PP1Q1PP1/R4RK1 w - - 3 22,0.89,0.25,-0.26,-0.28,0.41,0.03,0.0,0.0,f3e5,1.11,0.25,-0.17,-0.38,0.13,0.03,0.0,0.0,d2e3,0.87,0.25,-0.22,-0.18,0.26,0.03,0.0,0.0
2r2rk1/6pp/4p3/3pN3/3P1n1q/8/PP1Q1PP1/R4RK1 w - - 0 23,0.61,0.11,-0.24,-2.0,0.58,0.03,0.0,0.0,g2g3,0.6,0.11,-0.26,-2.0,2.0,0.03,0.0,0.0,g2g3,0.6,0.11,-0.26,-2.0,2.0,0.03,0.0,0.0
2r2rk1/6pp/4p3/3pN1q1/3P1n2/6P1/PP1Q1P2/R4RK1 w - - 1 24,0.57,0.11,-0.15,-2.0,1.48,0.03,0.0,0.0,a1d1,0.7,0.11,-0.1,-2.0,1.48,0.03,0.0,0.0,a1d1,0.7,0.11,-0.1,-2.0,1.48,0.03,0.0,0.0
2r2rk1/6p1/4p3/3pN1qp/3P1n2/6P1/PP1Q1P2/3R1RK1 w - - 0 25,0.71,0.11,-0.1,-2.0,1.44,0.03,0.0,0.0,g1h2,0.48,0.11,0.08,-0.89,1.44,0.03,0.0,0.0,g1h2,0.48,0.11,0.08,-0.89,1.44,0.03,0.0,0.0
2r3k1/6p1/4p3/3pNrqp/3P1n2/6P1/PP1Q1P1K/3R1R2 w - - 2 26,0.43,0.11,0.25,-1.15,1.44,0.03,0.0,0.0,f1g1,0.4,0.11,0.29,-0.79,1.48,0.03,0.0,0.0,d1c1,0.38,0.11,0.35,0.69,1.84,0.03,0.0,0.0
2r3k1/6p1/4pq2/3pNr1p/3P1n2/6P1/PP1Q1P1K/3R2R1 w - - 4 27,0.36,0.11,0.29,-0.46,1.34,0.03,0.0,0.0,g3f4,2.0,0.55,0.47,0.2,0.38,-0.18,0.0,0.0,g3f4,2.0,0.55,0.47,0.2,0.38,-0.18,0.0,0.0
2r3k1/6p1/4pq2/3pN2p/3P1r2/8/PP1Q1P1K/3R2R1 w - - 0 28,2.0,0.42,0.2,-1.4,0.42,-0.18,0.0,0.0,g1g2,2.0,0.42,-0.03,-1.08,0.53,-0.18,0.0,0.0,g1g2,2.0,0.42,-0.03,-1.08,0.53,-0.18,0.0,0.0
2r3k1/6p1/4p3/3pNq1p/3P1r2/8/PP1Q1PRK/3R4 w - - 2 29,2.0,0.42,-0.06,-1.79,-0.07,-0.18,0.0,0.0,h2g1,2.0,0.42,-0.14,0.51,-0.07,-0.18,0.0,0.0,e5g6,2.0,0.42,-0.09,1.98,0.86,-0.1,0.0,0.0
r2k3r/pp3ppp/2p1bn2/2b1p3/2B1P3/5PP1/PPPN3P/R1B1K2R b KQ - 2 10,-0.22,0.0,-0.43,0.62,-0.23,0.0,0.0,0.0,d8e7,-0.13,0.0,-0.66,0.34,-0.23,0.0,0.0,0.0,e6h3,-0.06,0.0,-0.43,0.66,0.16,0.0,0.0,0.0
r6r/pp2kppp/2p1Bn2/2b1p3/4P3/5PP1/PPPN3P/R1B1K2R b KQ - 0 11,2.0,0.83,-0.37,0.57,-1.22,0.0,0.0,0.0,e7e6,0.12,0.0,-0.71,0.67,0.13,0.0,0.0,0.0,e7e6,0.12,0.0,-0.71,0.67,0.13,0.0,0.0,0.0
r6r/pp3ppp/2p1kn2/2b1p3/2N1P3/5PP1/PPP4P/R1B1K2R b KQ - 1 12,0.38,0.0,-0.38,0.71,-0.14,0.0,0.0,0.0,b7b5,0.5,0.0,-0.38,0.59,-1.07,0.0,0.0,0.0,b7b5,0.5,0.0,-0.38,0.59,-1.07,0.0,0.0,0.0
r6r/p4ppp/2p1kn2/1pb1p3/4P3/4NPP1/PPP4P/R1B1K2R b KQ - 1 13,0.37,0.0,-0.46,0.62,-0.16,0.0,0.0,0.0,g7g6,0.38,0.0,-0.5,0.66,-0.2,0.0,0.0,0.0,a7a5,0.4,0.0,-0.51,0.62,-0.16,0.0,0.0,0.0
r6r/p4p1p/2p1knp1/1pb1p3/4P3/4NPP1/PPP1K2P/R1B4R b - - 1 14,0.29,0.0,-0.46,-0.03,-0.16,0.0,0.0,0.0,h8d8,0.16,0.0,-0.59,-0.15,-0.06,0.0,0.0,0.0,a7a5,0.32,0.0,-0.51,-0.03,-0.16,0.0,0.0,0.0
r2r4/p4p1p/2p1knp1/1pb1p3/4P3/4NPP1/PPPBK2P/R6R b - - 3 15,0.22,0.0,-0.11,-0.11,-0.1,0.0,0.0,0.0,f6d7,0.32,0.0,-0.12,-0.07,0.0,0.0,0.0,0.0,a7a6,0.28,0.0,-0.16,-0.11,-0.1,0.0,0.0,0.0
r2r4/p2n1p1p/2p1k1p1/1pb1p3/4P3/4NPP1/PPPBK2P/R2R4 b - - 5 16,0.45,0.0,-0.08,-0.07,0.0,0.0,0.0,0.0,d7b6,0.46,0.0,-0.12,-0.11,0.07,0.0,0.0,0.0,a7a5,0.48,0.0,-0.13,-0.07,-0.24,0.0,0.0,0.0
r2r4/p4p1p/1np1k1p1/1pb1p3/4P3/1P2NPP1/P1PBK2P/R2R4 b - - 0 17,0.37,0.0,-0.05,-0.07,0.07,0.0,0.0,0.0,f7f5,0.38,0.0,-0.08,-0.19,0.07,0.0,0.0,0.0,f7f5,0.38,0.0,-0.08,-0.19,0.07,0.0,0.0,0.0
r2r4/p6p/1np1k1p1/Bpb1pp2/4P3/1P2NPP1/P1P1K2P/R2R4 b - - 1 18,0.3,0.0,-0.11,-0.08,0.2,0.0,0.0,0.0,f5e4,-0.47,-0.19,-0.17,-0.44,0.39,-0.15,0.0,0.0,d8f8,0.35,0.0,-0.02,0.04,0.06,0.0,0.0,0.0
r2r4/p6p/1np1k1p1/Bpb1p3/4P3/1P2N1P1/P1P1K2P/R2R4 b - - 0 19,0.28,0.0,-0.08,-0.12,0.2,0.0,0.0,0.0,d8d1,-2.0,0.07,-0.5,-0.43,0.0,0.0,0.0,0.0,d8d1,-2.0,0.07,-0.5,-0.43,0.0,0.0,0.0,0.0
r7/p6p/1np1k1p1/Bpb1p3/4P3/1P2N1P1/P1P1K2P/3R4 b - - 0 20,0.4,0.0,0.05,0.01,0.1,0.0,0.0,0.0,a8f8,0.32,0.0,-0.08,-0.27,0.13,0.0,0.0,0.0,a8f8,0.32,0.0,-0.08,-0.27,0.13,0.0,0.0,0.0
5r2/p6p/1np1k1p1/Bpb1p3/4P3/1P2N1P1/P1P1K2P/5R2 b - - 2 21,0.28,0.0,-0.08,-0.15,0.23,0.0,0.0,0.0,f8f1,-2.0,-0.05,-0.37,-0.85,0.0,0.0,0.0,0.0,f8c8,0.28,0.0,0.01,0.25,0.16,0.0,0.0,0.0
8/p6p/1np1k1p1/Bpb1p3/4P3/1P4P1/P1P1K2P/5N2 b - - 0 22,-0.13,0.0,-0.23,-0.31,0.5,0.0,0.0,0.0,b6d7,-0.14,0.0,-0.24,-0.27,0.23,0.0,0.0,0.0,b6d7,-0.14,0.0,-0.24,-0.27,0.23,0.0,0.0,0.0
8/p2n3p/2p1k1p1/1pb1p3/4P3/1P4P1/P1PBK2P/5N2 b - - 2 23,-0.07,0.0,-0.19,-0.31,0.26,0.0,0.0,0.0,d7f6,-0.17,0.0,-0.24,-0.27,-0.09,0.0,0.0,0.0,c5b6,-0.05,0.0,-0.12,-0.35,0.03,0.0,0.0,0.0
8/p6p/2p1knp1/1pb1p3/4P3/1P3KP1/P1PB3P/5N2 b - - 4 24,-0.22,0.0,-0.24,0.01,0.24,0.0,0.0,0.0,h7h5,-0.2,0.0,-0.27,-0.17,0.21,0.0,0.0,0.0,f6d7,-0.12,0.0,-0.19,0.22,0.26,0.0,0.0,0.0
8/p7/2p1knp1/1pb1p2p/4P3/1P3KPP/P1PB4/5N2 b - - 0 25,-0.28,0.0,-0.19,0.01,0.24,0.0,0.0,0.0,f6e8,0.1,0.0,-0.11,0.22,0.26,0.0,0.0,0.0,a7a6,-0.23,0.0,-0.22,0.0,0.24,0.0,0.0,0.0
4n3/p7/2p1k1p1/1pb1p2p/4P1P1/1P3K1P/P1PB4/5N2 b - - 0 26,0.09,0.0,-0.08,-0.12,0.26,0.0,0.0,0.0,h5g4,,,,,,,,,h5g4,,,,,,,,
4n3/p7/2p1k1p1/1pb1p3/4P1K1/1P5P/P1PB4/5N2 b - - 0 27,0.13,0.0,-0.08,-0.36,0.23,0.0,0.0,0.0,e8f6,,,,,,,,,e8d6,-0.27,0.0,-0.09,-0.38,-0.12,0.0,0.0,0.0
8/p7/2p1knp1/1pb1p3/4P3/1P3K1P/P1PB4/5N2 b - - 2 28,-0.35,0.0,-0.16,-0.28,0.27,0.0,0.0,0.0,c5d4,-0.38,0.0,-0.09,-0.31,0.27,0.0,0.0,0.0,f6e8,0.03,0.0,-0.08,-0.12,0.26,0.0,0.0,0.0
8/p7/2p1knp1/1p2p3/3bP3/1PP2K1P/P2B4/5N2 b - - 0 29,-0.37,0.0,-0.09,-0.27,0.85,0.0,0.0,0.0,d4b6,-0.32,0.0,-0.12,-0.24,0.04,0.0,0.0,0.0,d4g1,-0.23,0.0,-0.09,-0.23,0.04,0.0,0.0,0.0
r1bqr1k1/ppp1bppp/1nnp4/8/2PP4/2N2N1P/PP2BPP1/R1BQ1RK1 b - - 6 10,-0.01,0.0,0.36,0.11,0.38,0.0,0.26,0.0,e7f6,0.03,0.0,0.23,-0.0,0.32,0.0,0.26,0.0,e7f6,0.03,0.0,0.23,-0.0,0.32,0.0,0.26,0.0
r1bqr1k1/ppp2ppp/1nnp1b2/8/2PP4/1PN2N1P/P3BPP1/R1BQ1RK1 b - - 0 11,-0.05,0.0,0.25,-0.0,0.38,0.0,0.26,0.0,c8e6,-0.17,0.0,0.19,0.11,0.54,0.0,0.26,0.0,h7h6,0.03,0.0,0.21,-0.08,0.31,0.0,0.26,0.0
r2qr1k1/ppp2ppp/1nnpbb2/8/2PP1B2/1PN2N1P/P3BPP1/R2Q1RK1 b - - 2 12,-0.01,0.0,0.32,0.07,0.27,0.0,0.26,0.0,d6d5,-0.04,0.0,0.2,0.03,0.19,0.0,0.24,0.0,d6d5,-0.04,0.0,0.2,0.03,0.19,0.0,0.24,0.0
r2qr1k1/ppp2ppp/1nn1bb2/2Pp4/3P1B2/1PN2N1P/P3BPP1/R2Q1RK1 b - - 0 13,-0.13,0.0,0.27,0.03,0.63,0.0,0.3,0.0,b6d7,-0.14,0.0,0.34,0.03,-0.14,0.0,0.3,0.0,b6d7,-0.14,0.0,0.34,0.03,-0.14,0.0,0.3,0.0
r2qr1k1/pppn1ppp/2n1bb2/2Pp4/3P1B2/PPN2N1P/4BPP1/R2Q1RK1 b - - 0 14,-0.2,0.0,0.46,0.03,-0.11,0.0,0.3,0.0,d7c5,-1.0,-0.26,0.25,-0.0,1.14,0.0,-0.01,0.0,d7f8,0.09,0.0,0.39,0.03,-0.2,0.0,0.3,0.0
r2qr1k1/ppp2ppp/2n1bb2/1Nnp4/3P1B2/PP3N1P/4BPP1/R2Q1RK1 b - - 1 15,-0.97,-0.26,0.14,-0.04,1.3,0.0,-0.01,0.0,c5a6,-0.49,-0.26,0.5,-0.0,0.12,0.0,0.03,0.0,c5a6,-0.49,-0.26,0.5,-0.0,0.12,0.0,0.03,0.0
r2qr1k1/ppp2ppp/n1n1bb2/1N1p4/1P1P1B2/P4N1P/4BPP1/R2Q1RK1 b - - 0 16,-0.52,-0.26,0.59,-0.0,0.12,0.0,0.03,0.0,e6f5,-0.56,-0.26,0.35,-0.08,0.19,0.0,-0.01,0.0,e8e7,-0.58,-0.26,0.68,-0.0,0.12,0.0,0.03,0.0
r2qr1k1/ppp2ppp/n1n2b2/1N1p1b2/1P1P1B2/P4N1P/3QBPP1/R4RK1 b - - 2 17,-0.52,-0.26,0.45,-0.04,0.22,0.0,-0.01,0.0,f5e4,-0.55,-0.26,0.53,0.03,-0.07,0.0,-0.01,0.0,h7h6,-0.44,-0.26,0.34,-0.12,0.15,0.0,-0.01,0.0
r2qr1k1/ppp2ppp/n1n2b2/1N1p4/1P1PbB2/P4N1P/3QBPP1/2R2RK1 b - - 4 18,-0.47,-0.26,0.62,0.03,-0.04,0.0,-0.01,0.0,d8d7,-0.51,-0.26,0.45,-0.08,-0.18,0.0,-0.01,0.0,h7h6,-0.39,-0.26,0.54,-0.04,-0.11,0.0,-0.01,0.0
r3r1k1/pppq1ppp/n1n2b2/1N1p4/1P1PbB2/P4N1P/3QBPP1/2RR2K1 b - - 6 19,-0.47,-0.26,0.5,-0.08,-0.18,0.0,-0.01,0.0,a8c8,-0.55,-0.26,0.5,-0.08,-0.12,0.0,-0.01,0.0,d7f5,-0.45,-0.26,0.5,-0.16,-0.05,0.0,-0.01,0.0
2r1r1k1/pppq1ppp/n1n2b2/3p4/1P1PbB2/P1N2N1P/3QBPP1/2RR2K1 b - - 8 20,-0.58,-0.26,0.61,-0.04,0.69,0.0,-0.01,0.0,a6b8,-0.43,-0.26,0.49,-0.04,0.19,0.0,-0.01,0.0,c6e7,-0.48,-0.26,0.64,0.03,0.9,0.0,-0.01,0.0
1nr1r1k1/pppq1ppp/2n2b2/3p4/1P1PNB2/P4N1P/3QBPP1/2RR2K1 b - - 0 21,2.0,0.5,0.66,0.24,-0.91,0.0,0.1,0.0,d5e4,-0.06,-0.1,0.51,-0.0,-0.81,0.0,-0.09,0.0,e8e4,-0.14,-0.1,0.69,-0.08,-0.79,0.0,0.03,0.0
1nr1r1k1/pppq1ppp/2n2b2/4N3/1P1PpB2/P6P/3QBPP1/2RR2K1 b - - 1 22,0.16,-0.1,0.57,0.24,0.58,0.0,-0.09,0.0,d7e7,0.16,-0.1,0.79,0.4,-0.03,0.0,-0.09,0.0,f6e5,-2.0,-0.74,0.56,0.07,1.59,0.0,-0.14,0.0
1nr1r1k1/ppp1qppp/2N2b2/8/1P1PpB2/P6P/3QBPP1/2RR2K1 b - - 0 23,2.0,0.53,0.86,0.18,-0.79,0.0,0.0,0.0,b8c6,-0.53,-0.1,0.6,0.07,-0.12,0.0,-0.08,0.0,b8c6,-0.53,-0.1,0.6,0.07,-0.12,0.0,-0.08,0.0
2r1r1k1/ppp1qppp/2n2b2/3P4/1P2pB2/P6P/3QBPP1/2RR2K1 b - - 0 24,-0.62,-0.1,0.51,0.07,0.83,0.0,0.0,0.0,c6e5,-0.83,-0.1,0.65,0.07,0.0,0.0,0.02,0.0,c6d4,-0.84,-0.1,0.47,-0.11,0.16,0.0,0.0,0.0
2r1r1k1/ppp1qppp/5b2/3Pn3/1P2pB2/P3Q2P/4BPP1/2RR2K1 b - - 2 25,-0.85,-0.1,0.68,0.11,0.63,0.0,0.02,0.0,e5g6,-0.53,-0.1,0.56,0.03,0.25,0.0,0.0,0.0,a7a6,-0.79,-0.1,0.68,0.11,0.26,0.0,0.02,0.0
2r1r1k1/ppp1qppp/5bn1/3P4/1P2pBB1/P3Q2P/5PP1/2RR2K1 b - - 4 26,-0.5,-0.1,0.57,0.07,0.72,0.0,0.0,0.0,g6f4,-2.0,-0.79,0.24,-0.47,0.99,0.0,-0.08,0.0,g6f4,-2.0,-0.79,0.24,-0.47,0.99,0.0,-0.08,0.0
2r1r1k1/ppp1qppp/5b2/3P4/1P2pQB1/P6P/5PP1/2RR2K1 b - - 0 27,-0.9,-0.11,0.27,0.23,0.18,0.0,0.0,0.0,f6g5,-0.98,-0.11,0.22,0.15,-0.31,0.0,0.0,0.0,f6e5,-1.12,-0.11,0.25,0.21,-0.22,0.0,0.0,0.0
2r1r1k1/ppp1qppp/8/3P2b1/1P2p1B1/P5QP/5PP1/2RR2K1 b - - 2 28,-1.0,-0.11,0.15,0.03,0.63,0.0,0.0,0.0,g5c1,-2.0,0.09,-0.15,-0.0,0.0,0.0,0.0,0.0,g5c1,-2.0,0.09,-0.15,-0.0,0.0,0.0,0.0,0.0
2B1r1k1/ppp1qppp/8/3P4/1P2p3/P5QP/5PP1/2bR2K1 b - - 0 29,-1.0,-0.12,0.0,0.14,0.3,0.0,0.0,0.0,c1g5,-1.12,-0.12,0.09,0.03,0.22,0.0,0.0,0.0,c1a3,-1.55,-0.23,0.19,0.28,-0.2,0.0,0.0,0.0
r2q1rk1/pp1bppbp/n4np1/1N1p4/P1pP1B2/2P1PN1P/1P3PP1/R2QKB1R w KQ - 0 10,-0.24,0.0,-0.15,0.3,0.08,0.0,-0.09,0.0,b2b3,-0.32,0.0,-0.17,0.3,0.05,0.0,-0.09,0.0,f3d2,-0.34,0.0,-0.21,0.34,0.08,0.0,-0.09,0.0
r2q1rk1/pp1bppbp/n4np1/1N1p4/P2P1B2/1pP1PN1P/5PP1/R2QKB1R w KQ - 0 11,-0.86,-0.28,0.05,0.3,0.15,-1.29,-0.07,0.0,d1b3,-0.3,0.0,0.25,0.34,0.15,0.0,0.12,0.0,d1b3,-0.3,0.0,0.25,0.34,0.15,0.0,0.12,0.0
r4rk1/pp1bppbp/n4np1/qN1p4/P2P1B2/1QP1PN1P/5PP1/R3KB1R w KQ - 1 12,-0.3,0.0,0.23,0.3,0.22,0.0,0.12,0.0,a1c1,-0.22,0.0,0.19,0.3,0.12,0.0,0.12,0.0,b3b2,-0.31,0.0,0.29,0.3,0.15,0.0,0.12,0.0
r1r3k1/pp1bppbp/n4np1/qN1p4/P2P1B2/1QP1PN1P/5PP1/2R1KB1R w K - 3 13,-0.22,0.0,0.05,0.19,-0.36,0.0,0.12,0.0,f1d3,-0.1,0.0,0.17,0.3,-0.46,0.0,0.12,0.0,f1e2,-0.16,0.0,0.17,0.19,-0.36,0.0,0.12,0.0
rnr3k1/pp1bppbp/5np1/qN1p4/P2P1B2/1QPBPN1P/5PP1/2R1K2R w K - 5 14,0.05,0.0,0.28,0.34,-0.45,0.0,0.12,0.0,e1g1,0.75,0.0,0.4,0.38,-0.45,0.0,0.12,0.0,b5a3,-0.31,0.0,0.33,0.26,-0.42,0.0,0.12,0.0
rnr3k1/1p1bppbp/p4np1/qN1p4/P2P1B2/1QPBPN1P/5PP1/2R2RK1 w - - 0 15,0.81,0.0,0.2,0.38,-1.05,0.0,0.12,0.0,b5a3,0.45,0.0,0.27,0.38,-0.42,0.0,0.12,0.0,b5a3,0.45,0.0,0.27,0.38,-0.42,0.0,0.12,0.0
rnr3k1/1p1bppbp/p4np1/3p4/q2P1B2/NQPBPN1P/5PP1/2R2RK1 w - - 0 16,-0.12,-0.26,0.23,0.38,0.1,-0.07,0.03,0.0,b3b7,0.5,0.0,0.23,0.38,0.35,-0.07,0.11,0.0,b3b7,0.5,0.0,0.23,0.38,0.35,-0.07,0.11,0.0
r1r3k1/1Q1bppbp/p1n2np1/3p4/q2P1B2/N1PBPN1P/5PP1/2R2RK1 w - - 1 17,0.03,0.0,0.16,0.34,-1.33,-0.07,0.11,0.0,c1a1,-0.05,0.0,0.2,0.34,-1.0,-0.07,0.11,0.0,c1a1,-0.05,0.0,0.2,0.34,-1.0,-0.07,0.11,0.0
r1r3k1/1Q1bppbp/p4np1/n2p4/q2P1B2/N1PBPN1P/5PP1/R4RK1 w - - 3 18,0.15,0.0,0.1,0.38,-1.68,-0.07,0.11,0.0,b7b6,0.17,0.0,0.1,0.46,-0.76,-0.07,0.05,0.0,b7b6,0.17,0.0,0.1,0.46,-0.76,-0.07,0.05,0.0
r1r3k1/3bppbp/pQ3np1/3p4/q2P1B2/NnPBPN1P/5PP1/R4RK1 w - - 5 19,-0.11,0.0,0.17,0.46,-1.4,-0.07,0.05,0.0,d3c2,-0.1,0.0,0.1,0.46,-0.61,-0.07,0.05,0.0,a1a2,-0.06,0.0,0.12,0.46,-0.94,-0.07,0.05,0.0
r5k1/3bppbp/pQ3np1/3p4/q2P1B2/Nnr1PN1P/2B2PP1/R4RK1 w - - 0 20,-0.85,-0.24,0.12,0.42,-0.43,-0.07,-0.06,0.0,c2d1,-1.05,-0.24,-0.05,0.3,-0.5,-0.07,-0.06,0.0,a1b1,-0.8,-0.24,0.12,0.42,-0.12,-0.07,-0.06,0.0
r5k1/3bppbp/pQq2np1/3p4/3P1B2/Nnr1PN1P/5PP1/R2B1RK1 w - - 2 21,-1.12,-0.24,-0.15,0.23,-0.43,-0.07,-0.06,0.0,b6c6,2.0,0.21,0.0,0.0,0.0,0.0,0.0,0.0,b6c6,2.0,0.21,0.0,0.0,0.0,0.0,0.0,0.0
r5k1/4ppbp/p1b2np1/3p4/3P1B2/Nnr1PN1P/5PP1/R2B1RK1 w - - 0 22,-1.06,-0.26,-0.1,0.34,-0.5,-0.07,0.0,0.0,a1b1,-1.0,-0.26,-0.1,0.34,0.81,-0.07,0.0,0.0,a3b1,-1.21,-0.26,-0.0,0.34,0.38,-0.07,0.0,0.0
r5k1/4ppbp/p1b2np1/n2p4/3P1B2/N1r1PN1P/5PP1/1R1B1RK1 w - - 2 23,-0.73,-0.26,0.06,0.34,-0.48,-0.07,0.0,0.0,a3c2,-0.57,-0.26,0.06,0.34,-0.18,-0.07,0.0,0.0,b1a1,-0.78,-0.26,-0.08,0.34,-0.18,-0.07,0.0,0.0
r5k1/4ppbp/p4np1/nb1p4/3P1B2/2r1PN1P/2N2PP1/1R1B1RK1 w - - 4 24,-0.64,-0.26,-0.15,0.26,-0.61,-0.07,0.0,0.0,f1e1,-0.6,-0.26,-0.14,0.26,-0.11,-0.07,0.0,0.0,f1e1,-0.6,-0.26,-0.14,0.26,-0.11,-0.07,0.0,0.0
r5k1/4ppbp/p4np1/n2p4/3P1B2/2rbPN1P/2N2PP1/1R1BR1K1 w - - 6 25,-0.6,-0.26,-0.05,0.26,-0.74,-0.07,0.0,0.0,b1b2,-0.57,-0.26,-0.05,0.26,-0.71,-0.07,0.0,0.0,b1b2,-0.57,-0.26,-0.05,0.26,-0.71,-0.07,0.0,0.0
r5k1/4ppbp/p4np1/3p4/2nP1B2/2rbPN1P/1RN2PP1/3BR1K1 w - - 8 26,-0.95,-0.26,0.03,0.19,-1.43,-0.07,0.0,0.0,b2a2,-0.99,-0.26,-0.01,0.19,-0.62,-0.07,0.0,0.0,b2a2,-0.99,-0.26,-0.01,0.19,-0.62,-0.07,0.0,0.0
r5k1/4ppbp/p5p1/3p4/2nPnB2/2rbPN1P/R1N2PP1/3BR1K1 w - - 10 27,-1.2,-0.26,-0.1,0.15,-0.81,-0.07,0.0,0.0,c2b4,-1.03,-0.26,0.1,0.15,0.57,-0.07,0.0,0.0,c2b4,-1.03,-0.26,0.1,0.15,0.57,-0.07,0.0,0.0
r5k1/5pbp/p3p1p1/3p4/1NnPnB2/2rbPN1P/R4PP1/3BR1K1 w - - 0 28,-1.11,-0.26,0.06,0.11,0.18,-0.07,0.0,0.0,d1a4,-1.02,-0.26,0.11,0.15,0.1,-0.07,0.0,0.0,b4d3,2.0,0.53,0.39,0.26,-0.49,-0.07,0.0,0.0
r5k1/5pbp/4p1p1/p2p4/BNnPnB2/2rbPN1P/R4PP1/4R1K1 w - - 0 29,-1.05,-0.26,0.14,0.15,-0.82,-0.08,0.0,0.0,a4c6,-1.02,-0.26,0.07,0.15,-0.06,-0.13,0.0,0.0,b4d3,2.0,0.53,0.44,0.3,-0.5,-0.08,0.0,0.0
r1bq1rk1/p1p2ppp/5n2/3p4/1b6/2NB4/PPP2PPP/R1BQ1RK1 w - - 0 10,-0.14,0.0,-0.05,0.16,-0.69,0.0,-0.09,0.0,h2h3,-0.22,0.0,-0.0,0.24,-0.33,0.0,-0.09,0.0,d1f3,-0.1,0.0,0.07,0.4,-0.56,0.0,-0.09,0.0
1rbq1rk1/p1p2ppp/5n2/3p4/1b6/2NB3P/PPP2PP1/R1BQ1RK1 w - - 1 11,-0.27,0.0,-0.1,0.23,-0.3,0.0,-0.09,0.0,d1f3,-0.23,0.0,0.0,0.47,-0.17,0.0,-0.09,0.0,a2a3,-0.33,0.0,0.0,0.24,0.34,0.0,-0.09,0.0
1rbq1rk1/p4ppp/2p2n2/3p4/1b6/2NB1Q1P/PPP2PP1/R1B2RK1 w - - 0 12,-0.24,0.0,-0.27,0.42,-0.37,0.0,-0.12,0.0,c1f4,-0.08,0.0,-0.06,0.27,0.36,0.0,-0.06,0.0,c1f4,-0.08,0.0,-0.06,0.27,0.36,0.0,-0.06,0.0
2bq1rk1/pr3ppp/2p2n2/3p4/1b3B2/2NB1Q1P/PPP2PP1/R4RK1 w - - 2 13,-0.11,0.0,-0.04,0.28,-0.43,0.0,-0.06,0.0,a1d1,0.01,0.0,0.06,0.29,-0.43,0.0,-0.06,0.0,a2a3,-0.17,0.0,0.1,0.29,0.2,0.0,-0.06,0.0
2bqr1k1/pr3ppp/2p2n2/3p4/1b3B2/2NB1Q1P/PPP2PP1/3R1RK1 w - - 4 14,-0.03,0.0,-0.11,0.12,-0.33,0.0,-0.06,0.0,c3e2,-0.13,0.0,-0.14,0.15,0.2,0.0,-0.06,0.0,a2a3,-0.09,0.0,-0.02,0.12,0.3,0.0,-0.06,0.0
2bqr1k1/pr3ppp/2pb1n2/3p4/5B2/3B1Q1P/PPP1NPP1/3R1RK1 w - - 6 15,-0.07,0.0,-0.22,0.11,-0.31,0.0,-0.09,0.0,b2b3,-0.16,0.0,-0.21,0.11,0.03,0.0,-0.09,0.0,b2b3,-0.16,0.0,-0.21,0.11,0.03,0.0,-0.09,0.0
2bqr1k1/pr3ppp/2p2n2/3p4/5b2/1P1B1Q1P/P1P1NPP1/3R1RK1 w - - 0 16,-2.0,-0.69,-0.56,-0.65,1.0,0.0,-0.17,0.0,e2f4,0.07,0.0,-0.25,0.07,-0.2,0.0,-0.1,0.0,f3f4,-0.22,0.0,-0.11,0.21,-0.61,0.0,-0.05,0.0
2bqr1k1/p3rppp/2p2n2/3p4/5N2/1P1B1Q1P/P1P2PP1/3R1RK1 w - - 1 17,-0.02,0.0,-0.31,-0.08,-0.3,0.0,-0.1,0.0,c2c4,-0.04,0.0,-0.21,-0.08,-0.23,-0.06,-0.02,0.0,a2a3,-0.08,0.0,-0.31,-0.08,-0.3,0.0,-0.1,0.0
2b1r1k1/p3rppp/2p2n2/q2p4/2P2N2/1P1B1Q1P/P4PP1/3R1RK1 w - - 1 18,-0.04,0.0,-0.34,-0.08,-0.53,-0.01,-0.05,0.0,c4d5,0.63,0.14,-0.18,-0.04,-0.09,0.62,0.12,0.0,a2a4,-0.08,0.0,-0.27,-0.08,-0.2,-0.01,-0.05,0.0
2b1r1k1/p3rppp/5n2/q2p4/5N2/1P1B1Q1P/P4PP1/3R1RK1 w - - 0 19,-0.02,0.0,-0.26,-0.08,-0.47,-0.01,-0.06,0.0,a2a4,-0.05,0.0,-0.24,-0.08,-0.11,-0.01,-0.06,0.0,a2a4,-0.05,0.0,-0.24,-0.08,-0.11,-0.01,-0.06,0.0
2b1r1k1/p3rppp/5n2/q7/P2p1N2/1P1B1Q1P/5PP1/3R1RK1 w - - 0 20,0.04,0.0,-0.11,-0.2,-0.59,-0.15,-0.08,0.0,d3b5,0.1,0.0,-0.01,-0.2,-0.04,-0.15,-0.06,0.0,d3b5,0.1,0.0,-0.01,-0.2,-0.04,-0.15,-0.06,0.0
4r1k1/pb2rppp/5n2/qB6/P2p1N2/1P3Q1P/5PP1/3R1RK1 w - - 2 21,0.02,0.0,-0.08,-0.16,-0.64,-0.15,-0.06,0.0,f3d3,-0.01,0.0,-0.15,-0.16,-0.08,-0.15,-0.06,0.0,f3g3,-0.01,0.0,-0.21,-0.07,0.32,-0.15,-0.06,0.0
3r2k1/pb2rppp/5n2/qB6/P2p1N2/1P1Q3P/5PP1/3R1RK1 w - - 4 22,-0.01,0.0,-0.11,-0.08,-0.77,-0.15,-0.06,0.0,f4e2,-0.27,0.0,-0.11,-0.17,-0.47,-0.15,-0.08,0.0,f4e2,-0.27,0.0,-0.11,-0.17,-0.47,-0.15,-0.08,0.0
3r2k1/pb2rpp1/5n1p/qB6/P2p4/1P1Q3P/4NPP1/3R1RK1 w - - 0 23,-0.19,0.0,-0.15,-0.25,-0.47,-0.15,-0.08,0.0,e2d4,0.73,0.12,-0.04,-0.2,-0.4,0.0,0.05,0.0,d3d2,-0.17,0.0,-0.11,-0.25,0.27,-0.32,-0.08,0.0
3r2k1/1b2rpp1/p4n1p/qB6/P2N4/1P1Q3P/5PP1/3R1RK1 w - - 0 24,0.78,0.12,-0.03,-0.2,-1.03,0.0,0.05,0.0,b5c4,0.76,0.12,-0.23,-0.31,-0.2,0.0,0.05,0.0,b5c6,0.65,0.12,-0.11,-0.19,0.08,0.0,0.05,0.0
3r2k1/1b1r1pp1/p4n1p/q7/P1BN4/1P1Q3P/5PP1/3R1RK1 w - - 2 25,0.76,0.12,-0.18,-0.12,-1.1,0.0,0.05,0.0,d3g3,0.76,0.12,-0.14,0.34,-0.69,0.0,0.05,0.0,d3e3,0.76,0.12,-0.14,-0.01,-0.96,0.0,0.05,0.0
rnbq1rk1/pp2ppbp/1n4p1/2p1N3/P2P1B2/8/1PP1BPPP/RN1Q1RK1 w - - 0 10,0.48,0.0,0.21,0.47,-0.12,0.0,0.09,0.0,d4c5,0.96,0.26,0.29,0.44,0.54,0.0,0.15,0.0,d4c5,0.96,0.26,0.29,0.44,0.54,0.0,0.15,0.0
rnbq1rk1/pp1nppbp/6p1/2P1N3/P4B2/8/1PP1BPPP/RN1Q1RK1 w - - 1 11,0.95,0.26,0.75,0.52,-0.72,0.0,0.19,0.0,e5d3,0.76,0.26,0.56,0.38,-0.05,0.0,0.15,0.0,e5d3,0.76,0.26,0.56,0.38,-0.05,0.0,0.15,0.0
rnbq1rk1/pp1n1pbp/6p1/2P1p3/P4B2/3N4/1PP1BPPP/RN1Q1RK1 w - - 0 12,0.64,0.26,0.3,0.27,-1.36,0.0,0.03,0.0,f4e3,0.61,0.26,0.27,0.27,-0.3,0.0,0.03,0.0,f4e3,0.61,0.26,0.27,0.27,-0.3,0.0,0.03,0.0
rnbq1rk1/pp1n1pbp/6p1/2P5/P3p3/3NB3/1PP1BPPP/RN1Q1RK1 w - - 0 13,0.75,0.26,0.12,0.27,-0.86,0.0,-0.04,0.0,d3b4,0.73,0.26,0.29,0.19,-0.68,0.0,-0.08,0.0,d3f4,0.88,0.26,0.3,0.23,-0.68,0.0,-0.04,0.0
rnbq1rk1/pp1n1p1p/6p1/2P5/PN2p3/4B3/1bP1BPPP/RN1Q1RK1 w - - 0 14,0.21,0.0,0.25,0.19,-1.05,0.0,-0.14,0.0,a1a2,0.26,0.0,0.25,0.19,0.25,0.0,-0.14,0.0,b1d2,0.58,0.0,0.28,0.23,-0.36,0.0,-0.14,0.0
rnbq1rkb/pp1n1p1p/6p1/2P5/PN2p3/4B3/R1P1BPPP/1N1Q1RK1 w - - 2 15,0.45,0.0,0.29,0.19,-0.36,0.0,-0.14,0.0,b1d2,0.82,0.0,0.2,0.23,0.03,0.0,-0.14,0.0,b4d5,0.65,0.0,0.37,0.75,-0.06,0.0,-0.11,0.0
rnbqr1kb/pp1n1p1p/6p1/2P5/PN2p3/4B3/R1PNBPPP/3Q1RK1 w - - 4 16,0.77,0.0,0.21,0.19,-0.3,0.0,-0.14,0.0,d2c4,1.04,0.0,0.42,0.2,-0.32,0.0,-0.11,0.0,d2c4,1.04,0.0,0.42,0.2,-0.32,0.0,-0.11,0.0
rnbqr1kb/pp3p1p/6p1/2P1n3/PNN1p3/4B3/R1P1BPPP/3Q1RK1 w - - 6 17,0.73,0.0,0.25,-0.12,0.0,0.0,-0.11,0.0,c4d6,0.79,0.0,0.36,0.19,1.19,0.0,-0.14,0.0,c4d6,0.79,0.0,0.36,0.19,1.19,0.0,-0.14,0.0
rnbq1rkb/pp3p1p/3N2p1/2P1n3/PN2p3/4B3/R1P1BPPP/3Q1RK1 w - - 8 18,0.84,0.0,0.35,0.24,0.66,0.0,-0.14,0.0,d6e4,1.48,0.24,0.46,0.42,0.16,0.0,0.1,0.0,b4d5,1.04,0.0,0.49,1.64,0.89,0.0,-0.11,0.0
rn1q1rkb/pp3p1p/4b1p1/2P1n3/PN2N3/4B3/R1P1BPPP/3Q1RK1 w - - 1 19,1.36,0.24,0.36,0.38,-0.3,0.0,0.1,0.0,a2a3,1.34,0.24,0.49,0.42,0.45,0.0,0.1,0.0,a2a1,1.31,0.24,0.49,0.42,0.16,0.0,0.1,0.0
rn3rkb/pp3p1p/4b1p1/q1P1n3/PN2N3/R3B3/2P1BPPP/3Q1RK1 w - - 3 20,1.34,0.24,0.66,0.56,-0.59,0.0,0.1,0.0,b4d5,1.54,0.24,0.67,2.0,0.16,0.0,0.06,0.0,b4d5,1.54,0.24,0.67,2.0,0.16,0.0,0.06,0.0
rn1r2kb/pp3p1p/4b1p1/q1PNn3/P3N3/R3B3/2P1BPPP/3Q1RK1 w - - 5 21,1.5,0.24,0.59,2.0,-0.64,0.0,0.06,0.0,d5f6,,,,,,,,,e3d2,1.44,0.24,0.64,2.0,0.72,0.0,0.06,0.0
rn1r2k1/pp3p1p/4bbp1/q1P1n3/P3N3/R3B3/2P1BPPP/3Q1RK1 w - - 0 22,-2.0,-0.31,0.21,1.98,0.52,0.0,0.0,0.0,e4f6,,,,,,,,,e4f6,,,,,,,,
rn1r4/pp3pkp/4bNp1/q1P1n3/P7/R3B3/2P1BPPP/3Q1RK1 w - - 1 23,1.37,0.35,0.46,2.0,-0.5,0.0,0.06,0.0,d1a1,1.37,0.35,0.43,2.0,0.31,0.0,0.06,0.0,d1a1,1.37,0.35,0.43,2.0,0.31,0.0,0.06,0.0
rn1r4/pp3p1p/4bkp1/q1P1n3/P7/R3B3/2P1BPPP/Q4RK1 w - - 0 24,-2.0,-0.24,0.61,2.0,0.47,0.0,0.0,0.0,e3g5,,,,,,,,,e3g5,,,,,,,,
rn1r4/pp3p1p/4b1p1/q1P1n1k1/P7/R7/2P1BPPP/Q4RK1 w - - 0 25,-2.0,-0.93,0.0,0.0,0.0,0.0,0.0,0.0,a1e5,,,,,,,,,a1e5,,,,,,,,
rn1r4/pp3p1p/4b1pk/q1P1Q3/P7/R7/2P1BPPP/5RK1 w - - 1 26,-2.0,-0.44,0.23,2.0,-0.48,0.0,0.0,0.0,g2g4,-2.0,-0.44,0.26,2.0,-0.24,0.0,0.02,0.0,g2g4,-2.0,-0.44,0.26,2.0,-0.24,0.0,0.02,0.0
rn1r4/pp3p1p/4b2k/q1P1Q1p1/P5P1/R7/2P1BP1P/5RK1 w - - 0 27,-2.0,-0.44,0.23,2.0,-0.43,0.0,0.0,0.0,e5f6,,,,,,,,,e5f6,,,,,,,,
r1bq1rk1/pp1nbppp/2n1p3/2ppP3/5B1P/P1NP1N2/1PPQ1PP1/R3KB1R b KQ - 3 10,-0.64,0.0,0.08,-0.07,-0.25,0.0,-0.07,0.0,f7f6,-0.65,0.0,0.05,0.38,-0.36,0.0,-0.2,0.0,f7f6,-0.65,0.0,0.05,0.38,-0.36,0.0,-0.2,0.0
r1bq1rk1/pp1nb1pp/2n1pP2/2pp4/5B1P/P1NP1N2/1PPQ1PP1/R3KB1R b KQ - 0 11,-0.02,0.28,0.16,1.91,-0.93,0.72,0.02,0.0,e7f6,-0.56,0.0,0.04,0.26,-0.76,0.0,-0.22,0.0,d7f6,-0.7,0.0,0.03,0.26,-0.6,0.0,-0.22,0.0
r1bq1rk1/pp1n2pp/2n1pb2/2pp2N1/5B1P/P1NP4/1PPQ1PP1/R3KB1R b KQ - 1 12,-0.52,0.0,0.09,0.35,-0.83,0.0,-0.22,0.0,h7h6,-0.44,0.0,0.05,0.31,-1.49,0.0,-0.22,0.0,d8b6,-0.53,0.0,0.07,0.31,-1.13,0.0,-0.22,0.0
r1bq1rk1/pp1n2p1/2n1pb1p/2pp4/5B1P/P1NP1N2/1PPQ1PP1/R3KB1R b KQ - 1 13,-0.48,0.0,-0.04,0.23,-0.79,0.0,-0.22,0.0,b7b5,-0.35,0.0,-0.32,0.19,-0.47,0.0,-0.22,0.0,d8b6,-0.49,0.0,-0.08,0.19,-1.01,0.0,-0.22,0.0
r1bq1rk1/p2n2p1/2n1pb1p/1Npp4/5B1P/P2P1N2/1PPQ1PP1/R3KB1R b KQ - 0 14,0.18,0.26,-0.36,0.19,-0.6,0.0,-0.13,0.0,d8b6,0.17,0.26,-0.39,0.15,-0.93,0.0,-0.13,0.0,f6b2,-0.4,0.0,-0.53,0.07,-1.2,0.0,-0.18,0.0
r1b2rk1/p2n2p1/1qn1pb1p/1Npp4/P4B1P/3P1N2/1PPQ1PP1/R3KB1R b KQ - 0 15,0.19,0.26,-0.24,0.15,-0.37,0.0,-0.13,0.0,a7a6,0.25,0.26,-0.21,0.15,-1.0,0.0,-0.13,0.0,a7a6,0.25,0.26,-0.21,0.15,-1.0,0.0,-0.13,0.0
r1b2rk1/2Nn2p1/pqn1pb1p/2pp4/P4B1P/3P1N2/1PPQ1PP1/R3KB1R b KQ - 1 16,0.21,0.26,-0.33,0.23,0.74,0.0,-0.13,0.0,b6b2,-0.41,0.0,-0.48,-1.9,0.25,0.0,-0.18,0.0,b6b2,-0.41,0.0,-0.48,-1.9,0.25,0.0,-0.18,0.0
r1b2rk1/2Nn2p1/p1n1pb1p/2pp4/P4B1P/3P1N2/1qP2PP1/R1Q1KB1R b KQ - 1 17,-0.5,0.0,-0.49,-1.56,0.53,0.0,-0.18,0.0,b2a1,-2.0,0.14,-0.74,-0.99,0.0,0.0,0.0,0.0,b2a1,-2.0,0.14,-0.74,-0.99,0.0,0.0,0.0,0.0
r1b2rk1/2Nn2p1/p1n1pb1p/2pp4/P4B1P/3P1N2/2P2PP1/Q3KB1R b K - 0 18,2.0,0.54,-0.12,0.26,-1.12,0.0,-0.15,0.0,f6a1,-2.0,0.02,-0.44,0.15,0.22,0.0,0.0,0.0,f6a1,-2.0,0.02,-0.44,0.15,0.22,0.0,0.0,0.0
N1b2rk1/3n2p1/p1n1p2p/2pp4/P4B1P/3P1N2/2P2PP1/b3KB1R b K - 0 19,-1.22,0.0,-0.46,0.07,-0.87,0.0,0.0,0.0,f8f4,-2.0,-0.78,-0.84,-0.08,-0.12,0.0,0.0,0.0,f8f4,-2.0,-0.78,-0.84,-0.08,-0.12,0.0,0.0,0.0
N1b3k1/3n2p1/p1n1p2p/2pp4/P4r1P/3P1N2/2P1BPP1/b3K2R b K - 1 20,-2.0,-0.78,-0.6,-0.08,-0.12,0.0,0.0,0.0,a1c3,,,,,,,,,a1c3,,,,,,,,
N1b3k1/3n2p1/p1n1p2p/2pp4/P4r1P/2bP1N2/2P1BPP1/3K3R b - - 3 21,-2.0,-0.78,-0.65,-0.71,0.0,0.0,0.0,0.0,f4a4,-2.0,-1.01,-0.65,-0.94,0.0,-0.07,0.0,0.0,f4a4,-2.0,-1.01,-0.65,-0.94,0.0,-0.07,0.0,0.0
r2qkb1r/pQp1nppp/3pb1n1/1B2P3/3P4/2N5/PPP2PPP/R1B1K2R b KQkq - 2 10,,,,,,,,,c7c6,-2.0,-0.17,0.29,0.45,-1.32,0.0,0.39,0.0,c7c6,-2.0,-0.17,0.29,0.45,-1.32,0.0,0.39,0.0
r2qkb1r/pQ2nppp/2pPb1n1/1B6/3P4/2N5/PPP2PPP/R1B1K2R b KQkq - 0 11,-1.48,0.08,0.48,0.39,-0.99,0.95,0.3,0.0,c6b5,-2.0,-0.69,0.27,0.96,-0.14,0.95,0.15,0.0,c6b5,-2.0,-0.69,0.27,0.96,-0.14,0.95,0.15,0.0
r2qkb1r/pQ2nppp/3Pb1n1/1N6/3P4/8/PPP2PPP/R1B1K2R b KQkq - 0 12,-2.0,-0.45,0.27,1.79,0.89,0.89,0.23,0.0,e7d5,-2.0,-0.45,0.08,1.93,-0.08,0.89,0.23,0.0,a8c8,-2.0,-0.45,0.28,0.39,1.37,0.89,0.23,0.0
r2qkb1r/p4ppp/2QPb1n1/1N1n4/3P4/8/PPP2PPP/R1B1K2R b KQkq - 2 13,,,,,,,,,e6d7,-2.0,-0.45,0.33,0.37,-0.75,0.6,0.23,0.0,e6d7,-2.0,-0.45,0.33,0.37,-0.75,0.6,0.23,0.0
r2qkb1r/p2b1ppp/3P2n1/1N1Q4/3P4/8/PPP2PPP/R1B1K2R b KQkq - 0 14,-1.15,0.01,0.11,2.0,-0.45,0.6,0.26,0.0,d7b5,-2.0,-0.7,0.0,1.11,0.82,0.89,0.16,0.0,d7b5,-2.0,-0.7,0.0,1.11,0.82,0.89,0.16,0.0
r2qkb1r/p4ppp/3P2n1/1Q6/3P4/8/PPP2PPP/R1B1K2R b KQkq - 0 15,,,,,,,,,d8d7,-0.98,-0.08,0.67,2.0,-0.72,0.6,0.23,0.0,d8d7,-0.98,-0.08,0.67,2.0,-0.72,0.6,0.23,0.0
r3kb1r/p2q1ppp/3P2n1/8/3P4/8/PPP1QPPP/R1B1K2R b KQkq - 2 16,,,,,,,,,d7e6,-0.96,-0.08,0.26,0.04,-0.2,0.6,0.23,0.0,d7e6,-0.96,-0.08,0.26,0.04,-0.2,0.6,0.23,0.0
r3kb1r/p4ppp/3PQ1n1/8/3P4/8/PPP2PPP/R1B1K2R b KQkq - 0 17,,,,,,,,,f7e6,-1.05,0.05,0.26,0.41,-0.36,0.6,0.0,0.0,f7e6,-1.05,0.05,0.26,0.41,-0.36,0.6,0.0,0.0
r3kb1r/p5pp/3Pp1n1/8/2PP4/8/PP3PPP/R1B1K2R b KQkq - 0 18,-1.07,0.05,0.26,0.45,-0.36,0.77,0.0,0.0,f8d6,-1.9,-0.08,-0.16,0.25,0.24,-0.0,0.0,0.0,f8d6,-1.9,-0.08,-0.16,0.25,0.24,-0.0,0.0,0.0
r3k2r/p5pp/3bp1n1/2P5/3P4/8/PP3PPP/R1B1K2R b KQkq - 0 19,-1.99,-0.08,-0.13,0.25,1.14,0.5,0.0,0.0,d6c7,-2.0,-0.08,-0.13,0.29,-0.02,0.5,0.0,0.0,d6c7,-2.0,-0.08,-0.13,0.29,-0.02,0.5,0.0,0.0
r3k2r/p1b3pp/4p1n1/2P5/3P3P/8/PP3PP1/R1B1K2R b KQkq - 0 20,-2.0,-0.08,-0.09,0.18,0.21,0.5,0.0,0.0,e8c8,-2.0,-0.08,-0.23,1.19,-0.17,0.5,0.0,0.0,h8f8,-2.0,-0.08,-0.23,0.72,0.23,0.5,0.0,0.0
2kr3r/p1b3pp/4p1n1/2P4P/3P4/8/PP3PP1/R1B1K2R b KQ - 0 21,-2.0,-0.08,-0.18,1.1,0.45,0.5,0.0,0.0,g6f4,-2.0,-0.08,-0.16,-1.66,-0.16,0.5,0.0,0.0,g6f4,-2.0,-0.08,-0.16,-1.66,-0.16,0.5,0.0,0.0
2kr3r/p1b3pp/4p3/2P4P/3P1B2/8/PP3PP1/R3K2R b KQ - 0 22,1.4,0.34,0.1,1.25,-0.64,0.5,0.0,0.0,c7f4,-2.0,-0.03,-0.34,1.1,-0.01,0.5,0.0,0.0,c7f4,-2.0,-0.03,-0.34,1.1,-0.01,0.5,0.0,0.0
2kr3r/p5pp/4p3/2P4P/3P1b2/8/PP3PP1/3RK2R b K - 1 23,-2.0,-0.03,-0.25,1.13,0.35,0.5,0.0,0.0,d8d5,-2.0,-0.03,-0.25,1.06,0.34,0.5,0.0,0.0,f4g5,-2.0,-0.03,-0.25,1.13,0.09,0.5,0.0,0.0
2k4r/p5pp/4p3/2Pr3P/1P1P1b2/8/P4PP1/3RK2R b K - 0 24,-2.0,-0.03,-0.25,1.22,0.34,0.5,0.0,0.0,h8d8,-2.0,-0.03,-0.38,1.14,0.3,0.5,0.0,0.0,h8d8,-2.0,-0.03,-0.38,1.14,0.3,0.5,0.0,0.0
2kr4/p5pp/4p3/2Pr3P/1P1P1b2/P7/5PP1/3RK2R b K - 0 25,-2.0,-0.03,-0.38,1.18,0.3,0.5,0.0,0.0,d5d4,-2.0,-0.14,-0.48,-2.0,-0.07,0.5,0.0,0.0,f4e5,-2.0,-0.03,-0.26,1.33,0.86,0.5,0.0,0.0
2kr4/p5pp/4p3/2P4P/1P1r1b2/P7/4KPP1/3R3R b - - 1 26,-2.0,-0.14,-0.26,-1.5,0.03,0.5,0.0,0.0,d4d2,,,,,,,,,f4d2,-2.0,-0.14,-0.23,-1.68,0.72,0.5,0.0,0.0
2kr4/p5pp/4p3/2P4P/1P3b2/P7/3RKPP1/7R b - - 0 27,2.0,-0.23,-0.06,0.04,-0.5,0.5,0.0,0.0,d8d2,,,,,,,,,d8d2,,,,,,,,
2k5/p5pp/4p3/2P4P/1P3b2/P4K2/3r1PP1/7R b - - 1 28,-2.0,-0.08,-0.29,-1.45,0.73,0.5,0.0,0.0,f4g5,-2.0,-0.08,-0.29,-1.89,0.05,0.5,0.0,0.0,f4g5,-2.0,-0.08,-0.29,-1.89,0.05,0.5,0.0,0.0
2k5/p5pp/4p3/2P3bP/1P6/P4K2/3r1PP1/4R3 b - - 3 29,-2.0,-0.08,-0.23,-1.34,0.43,0.5,0.0,0.0,c8d7,-2.0,-0.08,-0.2,-1.56,0.07,0.2,0.0,0.0,c8d7,-2.0,-0.08,-0.2,-1.56,0.07,0.2,0.0,0.0
r1b2rk1/ppqnbppp/2pp1n2/8/2Pp4/2N2NP1/PPQ1PPBP/R1BR2K1 w - - 0 10,-0.48,-0.28,0.49,0.0,0.27,0.0,-0.16,0.0,f3d4,0.34,0.0,0.55,0.0,-0.37,0.0,0.04,0.0,f3d4,0.34,0.0,0.55,0.0,-0.37,0.0,0.04,0.0
r1b2rk1/ppq1bppp/2pp1n2/4n3/2PN4/2N3P1/PPQ1PPBP/R1BR2K1 w - - 1 11,0.03,0.0,0.22,-0.19,-0.39,0.0,0.04,0.0,b2b3,-0.05,0.0,0.25,-0.19,0.0,0.0,0.04,0.0,b2b3,-0.05,0.0,0.25,-0.19,0.0,0.0,0.04,0.0
r1br2k1/ppq1bppp/2pp1n2/4n3/2PN4/1PN3P1/P1Q1PPBP/R1BR2K1 w - - 1 12,-0.1,0.0,0.25,-0.19,0.0,0.0,0.04,0.0,c1b2,-0.02,0.0,0.31,-0.3,0.03,0.0,0.04,0.0,e2e4,0.02,0.0,0.11,-0.28,0.07,0.0,0.2,0.0
r1br2k1/ppq1bppp/3p1n2/2p1n3/2PN4/1PN3P1/PBQ1PPBP/R2R2K1 w - - 0 13,0.0,0.0,0.38,-0.29,-0.45,0.0,0.0,0.0,d4f5,-0.02,0.0,0.56,0.1,0.46,0.0,0.0,0.0,d4b5,-0.17,0.0,0.5,-0.35,1.03,0.0,0.06,0.0
r2r2k1/ppq1bppp/3p1n2/2p1nb2/2P5/1PN3P1/PBQ1PPBP/R2R2K1 w - - 0 14,-2.0,-0.66,0.18,-0.47,0.11,0.0,-0.13,0.0,c2f5,-0.04,0.09,0.59,0.0,0.04,0.0,0.05,0.0,c2f5,-0.04,0.09,0.59,0.0,0.04,0.0,0.05,0.0
2rr2k1/ppq1bppp/3p1n2/2p1nQ2/2P5/1PN3P1/PB2PPBP/R2R2K1 w - - 1 15,-0.12,0.09,0.54,0.0,0.04,0.0,0.05,0.0,d1d2,-0.07,0.09,0.45,0.0,0.04,0.0,0.05,0.0,c3b5,-0.09,0.09,0.5,0.04,0.87,0.0,0.1,0.0
2r1r1k1/ppq1bppp/3p1n2/2p1nQ2/2P5/1PN3P1/PB1RPPBP/R5K1 w - - 3 16,-0.07,0.09,0.45,0.0,0.04,0.0,0.05,0.0,a1d1,0.06,0.09,0.59,0.0,0.19,0.0,0.05,0.0,c3b5,-0.03,0.09,0.41,0.04,0.87,0.0,0.1,0.0
3rr1k1/ppq1bppp/3p1n2/2p1nQ2/2P5/1PN3P1/PB1RPPBP/3R2K1 w - - 5 17,0.01,0.09,0.59,0.0,0.19,0.0,0.05,0.0,c3d5,0.23,0.09,0.46,0.37,1.18,0.0,0.05,0.0,h2h3,-0.07,0.09,0.62,0.07,0.26,0.0,0.05,0.0
1q1rr1k1/pp2bppp/3p1n2/2pNnQ2/2P5/1P4P1/PB1RPPBP/3R2K1 w - - 7 18,0.29,0.09,0.67,0.42,0.5,0.0,0.05,0.0,d5e7,,,,,,,,,d5e7,,,,,,,,
1q1r2k1/pp2rppp/3p1n2/2p1nQ2/2P5/1P4P1/PB1RPPBP/3R2K1 w - - 0 19,0.23,-0.16,0.85,0.0,-0.11,0.0,0.04,0.0,b2e5,2.0,0.49,0.93,0.12,-1.5,0.0,0.11,0.0,b2e5,2.0,0.49,0.93,0.12,-1.5,0.0,0.11,0.0
r1b2rk1/ppqnbppp/2pp1n2/8/P1BpP3/2N2N1P/1PP2PP1/R1BQR1K1 w - - 0 10,-0.38,-0.28,0.51,0.48,0.25,0.0,-0.11,0.0,f3d4,0.43,0.0,0.59,0.58,-0.3,0.0,0.09,0.0,f3d4,0.43,0.0,0.59,0.58,-0.3,0.0,0.09,0.0
r1br2k1/ppqnbppp/2pp1n2/8/P1BNP3/2N4P/1PP2PP1/R1BQR1K1 w - - 1 11,0.39,0.0,0.58,0.82,-0.24,0.0,0.09,0.0,c1f4,0.55,0.0,0.94,0.94,-0.31,0.0,0.09,0.0,c1f4,0.55,0.0,0.94,0.94,-0.31,0.0,0.09,0.0
r1br2k1/ppq1bppp/2pp1n2/4n3/P1BNPB2/2N4P/1PP2PP1/R2QR1K1 w - - 3 12,0.24,0.0,0.71,0.47,-0.67,0.0,0.09,0.0,c4b3,0.22,0.0,0.64,0.45,0.07,0.0,0.09,0.0,c4a2,0.05,0.0,0.54,0.42,0.07,0.0,0.09,0.0
r1br2k1/ppq1bppp/2pp1nn1/8/P2NPB2/1BN4P/1PP2PP1/R2QR1K1 w - - 5 13,0.54,0.0,0.64,0.62,-0.94,0.0,0.09,0.0,f4h2,0.35,0.0,0.5,0.34,-0.21,0.0,0.09,0.0,f4h2,0.35,0.0,0.5,0.34,-0.21,0.0,0.09,0.0
r2r2k1/ppqbbppp/2pp1nn1/8/P2NP3/1BN4P/1PP2PPB/R2QR1K1 w - - 7 14,0.29,0.0,0.36,0.31,-0.21,0.0,0.09,0.0,d1f3,0.33,0.0,0.45,0.51,-0.36,0.0,0.09,0.0,f2f4,0.28,0.0,0.33,0.05,0.07,0.0,0.22,0.0
2rr2k1/ppqbbppp/2pp1nn1/8/P2NP3/1BN2Q1P/1PP2PPB/R3R1K1 w - - 9 15,0.25,0.0,0.45,0.51,-0.36,0.0,0.09,0.0,a1d1,0.38,0.0,0.45,0.51,-0.36,0.0,0.09,0.0,a1d1,0.38,0.0,0.45,0.51,-0.36,0.0,0.09,0.0
2rr2k1/ppqbbppp/2pp1n2/4n3/P2NP3/1BN2Q1P/1PP2PPB/3RR1K1 w - - 11 16,0.06,0.0,0.4,0.36,-0.31,0.0,0.09,0.0,f3e2,0.05,0.0,0.31,0.2,0.33,0.0,0.09,0.0,f3e3,0.03,0.0,0.4,0.31,0.19,0.0,0.09,0.0
2rr2k1/pp1bbppp/1qpp1n2/4n3/P2NP3/1BN4P/1PP1QPPB/3RR1K1 w - - 13 17,0.06,0.0,0.19,0.18,0.37,0.0,0.09,0.0,g1h1,-0.21,0.0,0.31,0.33,0.37,0.0,0.09,0.0,f2f4,0.05,0.0,-0.12,-0.38,0.77,0.0,0.17,0.0
2rr2k1/pp1bbppp/1q1p1n2/2p1n3/P2NP3/1BN4P/1PP1QPPB/3RR2K w - - 0 18,-0.18,0.0,0.28,0.32,-0.32,0.0,0.04,0.0,h2e5,2.0,0.66,0.34,0.69,-1.53,0.0,0.11,0.0,d4b5,-0.36,0.0,0.47,0.25,0.5,0.0,0.04,0.0
2rr2k1/pp1bbppp/1q3n2/2p1p3/P2NP3/1BN4P/1PP1QPP1/3RR2K w - - 0 19,-0.21,-0.09,-0.1,0.3,-0.93,0.0,0.0,0.0,d4f3,-0.41,-0.09,-0.0,0.27,0.52,0.0,-0.05,0.0,d4f5,-0.23,-0.09,0.03,2.0,0.69,0.0,0.0,0.0
2rr2k1/pp1bbppp/1q3n2/4p3/P1p1P3/1BN2N1P/1PP1QPP1/3RR2K w - - 0 20,-0.32,-0.09,-0.25,0.01,-0.24,0.0,-0.31,0.0,b3c4,0.24,0.1,-0.06,0.23,-0.13,0.0,0.01,0.0,b3c4,0.24,0.1,-0.06,0.23,-0.13,0.0,0.01,0.0
2rr2k1/pp1bbppp/5n2/4p3/P1B1P3/2N2N1P/1qP1QPP1/3RR2K w - - 0 21,-0.38,-0.13,-0.02,0.27,0.29,0.0,0.0,0.0,c3d5,-0.16,-0.13,-0.18,0.64,0.49,0.0,0.0,0.0,c3d5,-0.16,-0.13,-0.18,0.64,0.49,0.0,0.0,0.0
2rr2k1/pp1bbppp/8/3np3/P1B1P3/5N1P/1qP1QPP1/3RR2K w - - 0 22,-2.0,-0.69,-0.4,0.03,1.38,0.0,-0.14,0.0,d1d5,-0.34,-0.08,-0.27,0.11,0.0,0.0,-0.03,0.0,e4d5,-0.57,-0.08,-0.05,0.11,-0.1,0.32,0.02,0.0
2rr2k1/pp2bppp/8/3Rp3/b1B1P3/5N1P/1qP1QPP1/4R2K w - - 0 23,-0.85,-0.24,-0.32,0.23,-0.33,-0.04,-0.09,0.0,f3e5,0.16,-0.12,-0.22,0.42,-0.22,-0.04,0.04,0.0,f3e5,0.16,-0.12,-0.22,0.42,-0.22,-0.04,0.04,0.0
2r3k1/pp2bppp/8/3rN3/b1B1P3/7P/1qP1QPP1/4R2K w - - 0 24,-2.0,0.08,-0.49,0.27,0.0,-0.04,0.0,0.0,e5f7,-2.0,0.19,-0.57,0.71,0.42,-0.07,0.0,0.0,e4d5,-0.06,-0.11,-0.16,0.38,-0.41,0.11,0.0,0.0
2r3k1/pp2bNpp/8/2r5/b1B1P3/7P/1qP1QPP1/4R2K w - - 1 25,-2.0,0.19,-0.39,1.97,-1.21,-0.07,0.0,0.0,c4e6,-2.0,0.19,-0.42,1.96,-0.5,-0.07,0.0,0.0,c4e6,-2.0,0.19,-0.42,1.96,-0.5,-0.07,0.0,0.0
6k1/pp2bNpp/2r1B3/2r5/b3P3/7P/1qP1QPP1/4R2K w - - 3 26,-2.0,0.19,-0.28,2.0,-1.5,-0.07,0.0,0.0,e2g4,-2.0,0.19,-0.31,2.0,-1.41,-0.07,0.0,0.0,e6d5,-2.0,0.19,-0.41,2.0,-0.5,-0.07,0.0,0.0
5k2/pp2bNpp/2r1B3/2r5/b3P1Q1/7P/1qP2PP1/4R2K w - - 5 27,-2.0,0.19,-0.27,1.6,-1.41,-0.07,0.0,0.0,e4e5,-2.0,0.19,-0.2,2.0,-0.73,0.11,0.0,0.0,e6d5,-2.0,0.19,-0.37,1.7,-0.45,-0.07,0.0,0.0
5k2/pp2bNpp/2r1B3/4P3/b5Q1/7P/1qr2PP1/4R2K w - - 0 28,-2.0,0.05,-0.36,2.0,-0.79,0.12,0.0,0.0,f7g5,-2.0,0.05,-0.28,2.0,-0.58,0.12,0.0,0.0,g4a4,-2.0,0.63,-0.14,1.36,-1.89,0.12,0.0,0.0
5k2/pp2b1pp/2r1B3/4P1N1/b5Q1/7P/1q3PP1/2r1R2K w - - 2 29,-2.0,0.05,-0.53,2.0,-1.51,0.12,0.0,0.0,g4f5,,,,,,,,,g4f4,,,,,,,,
r1bqkb1r/4nppp/p2p1B2/1p2p3/4P3/2N5/PPP2PPP/RN1QKB1R b KQkq - 0 10,2.0,0.66,0.21,0.26,-1.14,0.0,0.01,0.0,g7f6,-0.43,-0.09,-0.21,0.4,-0.2,0.0,-0.05,0.0,g7f6,-0.43,-0.09,-0.21,0.4,-0.2,0.0,-0.05,0.0
r1bqkb1r/4np1p/p2p1p2/1p2p3/P3P3/2N5/1PP2PPP/RN1QKB1R b KQkq - 0 11,-0.46,-0.09,-0.07,0.42,-0.16,0.0,-0.05,0.0,b5b4,-0.57,-0.09,-0.15,0.41,-0.76,0.0,-0.05,0.0,b5b4,-0.57,-0.09,-0.15,0.41,-0.76,0.0,-0.05,0.0
r1bqkb1r/4np1p/p2p1p2/3Np3/Pp2P3/8/1PP2PPP/RN1QKB1R b KQkq - 1 12,-0.36,-0.09,-0.16,2.0,0.64,0.0,0.0,0.0,e7d5,-2.0,-0.75,-0.3,0.22,1.43,0.0,-0.15,0.0,e7d5,-2.0,-0.75,-0.3,0.22,1.43,0.0,-0.15,0.0
r1bqkb1r/5p1p/p2p1p2/3Qp3/Pp2P3/8/1PP2PPP/RN2KB1R b KQkq - 0 13,-0.67,-0.03,-0.17,2.0,-0.09,0.0,0.0,0.0,c8e6,-0.79,-0.03,-0.33,1.26,-0.25,0.0,0.0,0.0,c8e6,-0.79,-0.03,-0.33,1.26,-0.25,0.0,0.0,0.0
r2qkb1r/5p1p/p1Qpbp2/4p3/Pp2P3/8/1PP2PPP/RN2KB1R b KQkq - 2 14,,,,,,,,,e6d7,-0.72,-0.03,-0.12,0.62,-0.94,0.0,0.0,0.0,e6d7,-0.72,-0.03,-0.12,0.62,-0.94,0.0,0.0,0.0
r2qkb1r/3b1p1p/p2p1p2/3Qp3/Pp2P3/8/1PP2PPP/RN2KB1R b KQkq - 4 15,-0.73,-0.03,-0.33,0.64,-0.29,0.0,0.0,0.0,d7e6,-0.79,-0.03,-0.33,1.26,-0.25,0.0,0.0,0.0,d7e6,-0.79,-0.03,-0.33,1.26,-0.25,0.0,0.0,0.0
r2qkb1r/5p1p/p1Qpbp2/4p3/Pp2P3/8/1PP2PPP/RN2KB1R b KQkq - 6 16,,,,,,,,,e6d7,-0.72,-0.03,-0.12,0.62,-0.94,0.0,0.0,0.0,e6d7,-0.72,-0.03,-0.12,0.62,-0.94,0.0,0.0,0.0
r2qkb1r/3b1p1p/p2p1p2/3Qp3/Pp2P3/8/1PP2PPP/RN2KB1R b KQkq - 8 17,-0.73,-0.03,-0.33,0.64,-0.29,0.0,0.0,0.0,a8c8,-0.81,-0.03,-0.38,0.48,-0.95,0.0,0.0,0.0,d7e6,-0.79,-0.03,-0.33,1.26,-0.25,0.0,0.0,0.0
2rqkb1r/3b1p1p/B2p1p2/3Qp3/Pp2P3/8/1PP2PPP/RN2K2R b KQk - 0 18,-0.28,0.1,-0.27,0.53,-0.88,0.13,0.06,0.0,c8c2,-1.08,-0.08,-0.4,-2.0,-1.25,0.13,0.0,0.0,c8c2,-1.08,-0.08,-0.4,-2.0,-1.25,0.13,0.0,0.0
3qkb1r/3b1p1p/3p1p2/3Qp3/PpB1P3/8/1Pr2PPP/RN2K2R b KQk - 1 19,-0.88,-0.08,-0.31,0.05,-0.85,0.13,0.0,0.0,d7e6,-0.95,-0.08,-0.27,-0.02,-1.63,0.13,0.0,0.0,d7e6,-0.95,-0.08,-0.27,-0.02,-1.63,0.13,0.0,0.0
3qkb1r/5p1p/2Qpbp2/4p3/PpB1P3/8/1Pr2PPP/RN2K2R b KQk - 3 20,,,,,,,,,e8e7,-0.85,-0.08,-0.23,-0.5,-1.61,0.13,0.04,0.0,e8e7,-0.85,-0.08,-0.23,-0.5,-1.61,0.13,0.04,0.0
3q1b1r/1Q2kp1p/3pbp2/4p3/PpB1P3/8/1Pr2PPP/RN2K2R b KQ - 5 21,,,,,,,,,d8d7,-0.89,-0.08,0.12,-1.7,-0.5,0.32,0.04,0.0,d8d7,-0.89,-0.08,0.12,-1.7,-0.5,0.32,0.04,0.0
5b1r/3Qkp1p/3pbp2/4p3/PpB1P3/8/1Pr2PPP/RN2K2R b KQ - 0 22,,,,,,,,,e6d7,-0.8,-0.21,-0.34,-0.13,-0.76,0.32,0.0,0.0,e6d7,-0.8,-0.21,-0.34,-0.13,-0.76,0.32,0.0,0.0
5b1r/3bkp1p/3p1p2/4p3/PpB1P3/8/1PrN1PPP/R3K2R b KQ - 1 23,-0.43,-0.21,0.1,0.39,-0.66,0.32,0.0,0.0,f8h6,-0.43,-0.21,-0.23,0.16,-1.25,0.22,0.0,0.0,f8h6,-0.43,-0.21,-0.23,0.16,-1.25,0.22,0.0,0.0
r1bq1rk1/ppp2pbp/1nnp2p1/8/2PP4/2NB1N1P/PP3PP1/R1BQ1RK1 b - - 6 10,0.09,0.0,0.32,0.42,0.54,0.0,0.26,0.0,c6b4,0.05,0.0,0.32,0.42,0.2,0.0,0.17,0.0,c6d4,-0.83,-0.26,0.32,0.24,0.5,0.0,0.01,0.0
r1bq1rk1/ppp2pbp/1n1p2p1/8/1nPP4/2N2N1P/PP2BPP1/R1BQ1RK1 b - - 8 11,-0.01,0.0,0.25,0.3,0.76,0.0,0.17,0.0,f8e8,-0.05,0.0,0.17,0.19,0.83,0.0,0.17,0.0,c8f5,-0.17,0.0,-0.03,0.3,0.67,0.0,0.17,0.0
r1bqr1k1/ppp2pbp/1n1p2p1/8/1nPP4/P1N2N1P/1P2BPP1/R1BQ1RK1 b - - 0 12,-0.11,0.0,0.21,0.19,1.76,0.0,0.17,0.0,b4c6,-0.08,0.0,0.25,0.19,0.67,0.0,0.26,0.0,b4c6,-0.08,0.0,0.25,0.19,0.67,0.0,0.26,0.0
r1bqr1k1/ppp2pbp/1nnp2p1/8/2PP4/P1N1BN1P/1P2BPP1/R2Q1RK1 b - - 2 13,0.04,0.0,0.38,0.23,0.64,0.0,0.26,0.0,c6e7,0.14,0.0,0.53,0.38,0.14,0.0,0.26,0.0,c6e7,0.14,0.0,0.53,0.38,0.14,0.0,0.26,0.0
r1bqr1k1/ppp1npbp/1n1p2p1/8/2PP2P1/P1N1BN1P/1P2BP2/R2Q1RK1 b - - 0 14,0.13,0.0,0.65,0.06,0.11,0.0,0.3,0.0,d6d5,0.11,0.0,0.53,0.05,0.4,0.0,0.24,0.0,h7h5,0.14,0.0,0.65,0.49,0.08,0.0,0.3,0.0
r1bqr1k1/ppp1npbp/1n4p1/3p4/2PP2P1/PPN1BN1P/4BP2/R2Q1RK1 b - - 0 15,0.02,0.0,0.53,0.05,0.46,0.0,0.24,0.0,d5c4,-0.46,-0.26,0.47,0.09,-0.07,-0.2,0.01,0.0,d5c4,-0.46,-0.26,0.47,0.09,-0.07,-0.2,0.01,0.0
r1bqr1k1/ppp1npbp/1n4p1/8/2PP2P1/P1N1BN1P/4BP2/R2Q1RK1 b - - 0 16,0.19,0.0,0.66,0.1,0.25,0.0,0.25,0.0,c8e6,0.07,0.0,0.45,0.09,0.45,0.0,0.25,0.0,h7h5,0.2,0.0,0.66,0.53,0.22,0.0,0.25,0.0
r2qr1k1/ppp1npbp/1n2b1p1/8/2PP2P1/PQN1BN1P/4BP2/R4RK1 b - - 2 17,0.08,0.0,0.63,0.1,0.16,0.0,0.25,0.0,h7h5,0.09,0.0,0.63,0.53,0.12,0.0,0.25,0.0,h7h5,0.09,0.0,0.63,0.53,0.12,0.0,0.25,0.0
r2qr1k1/ppp1npb1/1n2b1p1/3P3p/2P3P1/PQN1BN1P/4BP2/R4RK1 b - - 0 18,0.0,0.0,0.92,0.56,1.1,0.0,0.25,0.0,h5g4,-0.6,-0.24,0.58,-0.46,-0.07,0.0,0.11,0.0,e6d7,0.06,0.0,0.91,0.55,-0.02,0.0,0.25,0.0
r2qr1k1/ppp1npb1/1n2b1p1/3P2N1/2P3p1/PQN1B2P/4BP2/R4RK1 b - - 1 19,-0.57,-0.24,0.47,-0.17,1.19,0.0,0.11,0.0,e6c8,-0.45,-0.24,0.64,0.14,0.12,0.0,0.11,0.0,e6d7,-0.5,-0.24,0.49,0.09,-0.16,0.0,0.11,0.0
r1bqr1k1/ppp1npb1/1n4p1/3P2N1/2P3P1/PQN1B3/4BP2/R4RK1 b - - 0 20,0.22,0.0,0.91,0.8,0.08,0.0,0.21,0.0,e7f5,-0.04,0.0,0.62,0.28,0.52,0.0,0.21,0.0,e7f5,-0.04,0.0,0.62,0.28,0.52,0.0,0.21,0.0
r1bqr1k1/ppp2pb1/1n4p1/3P1PN1/2P5/PQN1B3/4BP2/R4RK1 b - - 0 21,2.0,0.47,0.56,1.57,-0.22,0.0,0.28,0.0,e8e3,-0.25,-0.18,0.15,0.09,-0.65,0.0,0.14,0.0,e8e3,-0.25,-0.18,0.15,0.09,-0.65,0.0,0.14,0.0
r1bq2k1/ppp2pb1/1n4p1/3P1PN1/2P5/PQN1P3/4B3/R4RK1 b - - 0 22,2.0,-0.36,0.51,0.7,-0.55,-0.02,0.28,0.0,d8g5,,,,,,,,,d8g5,,,,,,,,
r1b3k1/ppp2pb1/1n4p1/3P1Pq1/2P5/PQN1P3/4BK2/R4R2 b - - 1 23,1.73,-0.82,0.36,-2.0,0.04,-0.02,0.17,0.0,g5h4,,,,,,,,,c8f5,0.98,-0.95,0.09,-2.0,0.63,-0.02,0.04,0.0
r1b3k1/ppp2pb1/1n4p1/3P1P2/2P4q/PQN1P3/4B1K1/R4R2 b - - 3 24,2.0,-0.82,0.39,-2.0,0.46,-0.02,0.15,0.0,c8f5,1.33,-0.95,0.12,-2.0,0.65,-0.02,0.04,0.0,h4g5,,,,,,,,
r5k1/ppp2pb1/1n4p1/3P1R2/2P4q/PQN1P3/4B1K1/R7 b - - 0 25,2.0,-0.34,0.41,-1.48,-0.7,-0.02,0.0,0.0,g6f5,-0.71,-0.13,0.18,-2.0,0.13,0.0,0.0,0.0,g6f5,-0.71,-0.13,0.18,-2.0,0.13,0.0,0.0,0.0
r5k1/ppp2pb1/1n6/3P1p2/2P4q/PQN1P3/4B1K1/7R b - - 1 26,-0.71,-0.13,0.3,-2.0,1.28,0.0,0.0,0.0,h4g5,,,,,,,,,h4g5,,,,,,,,
r5k1/ppp2pb1/1n6/3P1pq1/2P5/PQN1P3/4BK2/7R b - - 3 27,-1.06,-0.13,0.31,-0.37,0.54,0.0,0.0,0.0,a8e8,-1.19,-0.13,0.17,-2.0,0.5,0.0,0.0,0.0,a8e8,-1.19,-0.13,0.17,-2.0,0.5,0.0,0.0,0.0
4r1k1/ppp2pb1/1n6/1N1P1pq1/2P5/PQ2P3/4BK2/7R b - - 5 28,-1.15,-0.13,0.02,-0.98,1.02,0.0,0.0,0.0,b6d7,-1.16,-0.13,-0.02,-1.13,0.64,0.0,0.0,0.0,f5f4,-1.06,-0.13,0.05,-2.0,1.02,-0.2,0.0,0.0
4r1k1/ppNn1pb1/8/3P1pq1/2P5/PQ2P3/4BK2/7R b - - 0 29,-0.55,0.0,-0.02,-1.04,1.19,0.45,0.0,0.0,d7c5,-0.82,0.0,-0.02,-2.0,0.25,0.45,0.0,0.0,d7c5,-0.82,0.0,-0.02,-2.0,0.25,0.45,0.0,0.0
r1bqk1nr/1p2bppp/2n5/pB1p4/3P4/1p3N2/P1PN1PPP/R1BQR1K1 w kq - 0 10,0.75,-0.26,0.96,0.69,0.38,-0.77,-0.13,0.0,a2b3,1.22,0.0,1.03,0.71,0.13,0.0,-0.05,0.0,f3e5,0.97,-0.26,0.34,0.5,0.36,-0.77,-0.07,0.0
r1bqk2r/1p2bppp/2n2n2/pB1p4/3P4/1P3N2/2PN1PPP/R1BQR1K1 w kq - 1 11,0.75,0.0,0.81,0.53,0.1,0.0,-0.05,0.0,c1a3,0.75,0.0,1.06,1.56,1.39,0.0,0.0,0.0,d1e2,0.78,0.0,0.95,0.88,0.73,0.0,-0.05,0.0
r1bq1rk1/1p2bppp/2n2n2/pB1p4/3P4/BP3N2/2PN1PPP/R2QR1K1 w - - 3 12,0.05,0.0,0.03,0.04,1.03,0.0,0.0,0.0,b5c6,2.0,0.57,0.2,0.12,-0.38,0.0,0.11,0.0,b5c6,2.0,0.57,0.2,0.12,-0.38,0.0,0.11,0.0
r1bq1rk1/1p3ppp/2B2n2/p2p4/3P4/bP3N2/2PN1PPP/R2QR1K1 w - - 0 13,-0.14,-0.13,-0.1,0.12,-0.38,0.0,0.0,0.0,c6b7,0.41,0.03,-0.17,0.08,0.86,0.0,0.03,0.0,c6b7,0.41,0.03,-0.17,0.08,0.86,0.0,0.03,0.0
r2q1rk1/1b3ppp/5n2/p2p4/3P4/bP3N2/2PN1PPP/R2QR1K1 w - - 0 14,-2.0,-0.36,-0.48,0.19,0.47,0.0,-0.03,0.0,a1a3,0.35,0.32,-0.31,0.19,-0.13,0.0,0.03,0.0,a1a3,0.35,0.32,-0.31,0.19,-0.13,0.0,0.03,0.0
r2q1rk1/1b3ppp/8/p2p4/3Pn3/RP3N2/2PN1PPP/3QR1K1 w - - 1 15,0.13,0.32,-0.45,-0.04,-0.14,0.0,-0.01,0.0,c2c4,0.12,0.32,-0.43,-0.04,-0.14,0.02,0.06,0.0,c2c4,0.12,0.32,-0.43,-0.04,-0.14,0.02,0.06,0.0
r4rk1/1b3ppp/1q6/p2p4/2PPn3/RP3N2/3N1PPP/3QR1K1 w - - 1 16,0.11,0.32,-0.5,0.03,0.19,0.02,0.06,0.0,c4c5,0.01,0.32,-0.46,0.04,1.05,0.2,0.12,0.0,d2e4,2.0,0.86,-0.22,0.23,-0.76,0.02,0.22,0.0
r4rk1/1b3ppp/8/p1Pp4/1q1Pn3/RP3N2/3N1PPP/3QR1K1 w - - 1 17,-0.02,0.32,-0.32,0.05,-0.49,0.2,0.12,0.0,a3a4,0.03,0.32,-0.26,0.05,-0.44,0.2,0.12,0.0,a3a4,0.03,0.32,-0.26,0.05,-0.44,0.2,0.12,0.0
r4rk1/1b3ppp/8/pqPp4/R2Pn3/1P3N2/3N1PPP/3QR1K1 w - - 3 18,0.08,0.32,-0.39,-0.14,0.02,0.2,0.09,0.0,d2e4,2.0,0.86,-0.16,0.15,-0.94,0.2,0.21,0.0,d1c2,0.1,0.32,-0.29,-0.12,0.18,0.37,0.09,0.0